-- --------------------------------------------------------
-- Host:                         127.0.0.1
-- Server version:               5.7.44 - MySQL Community Server (GPL)
-- Server OS:                    Win64
-- HeidiSQL Version:             12.1.0.6537
-- --------------------------------------------------------

/*!40101 SET @OLD_CHARACTER_SET_CLIENT=@@CHARACTER_SET_CLIENT */;
/*!40101 SET NAMES utf8 */;
/*!50503 SET NAMES utf8mb4 */;
/*!40103 SET @OLD_TIME_ZONE=@@TIME_ZONE */;
/*!40103 SET TIME_ZONE='+00:00' */;
/*!40014 SET @OLD_FOREIGN_KEY_CHECKS=@@FOREIGN_KEY_CHECKS, FOREIGN_KEY_CHECKS=0 */;
/*!40101 SET @OLD_SQL_MODE=@@SQL_MODE, SQL_MODE='NO_AUTO_VALUE_ON_ZERO' */;
/*!40111 SET @OLD_SQL_NOTES=@@SQL_NOTES, SQL_NOTES=0 */;


-- Dumping database structure for simt_backend
CREATE DATABASE IF NOT EXISTS `simt_backend` /*!40100 DEFAULT CHARACTER SET utf8mb4 COLLATE utf8mb4_unicode_ci */;
USE `simt_backend`;

-- Dumping structure for table simt_backend.attendances
CREATE TABLE IF NOT EXISTS `attendances` (
  `id` bigint(20) unsigned NOT NULL AUTO_INCREMENT,
  `tenant_id` bigint(20) unsigned NOT NULL,
  `student_id` bigint(20) unsigned NOT NULL,
  `class_id` bigint(20) unsigned NOT NULL,
  `date` date NOT NULL,
  `status` enum('H','A','I','S','T') COLLATE utf8mb4_unicode_ci NOT NULL DEFAULT 'H',
  `arrival_time` time DEFAULT NULL,
  `notes` text COLLATE utf8mb4_unicode_ci,
  `marked_by` bigint(20) unsigned DEFAULT NULL,
  `created_at` timestamp NULL DEFAULT NULL,
  `updated_at` timestamp NULL DEFAULT NULL,
  PRIMARY KEY (`id`),
  UNIQUE KEY `attendance_unique_student_date` (`student_id`,`date`),
  KEY `attendances_class_id_foreign` (`class_id`),
  KEY `attendances_marked_by_foreign` (`marked_by`),
  KEY `attendances_tenant_id_date_index` (`tenant_id`,`date`),
  KEY `attendances_tenant_id_class_id_date_index` (`tenant_id`,`class_id`,`date`),
  CONSTRAINT `attendances_class_id_foreign` FOREIGN KEY (`class_id`) REFERENCES `school_classes` (`id`) ON DELETE CASCADE,
  CONSTRAINT `attendances_marked_by_foreign` FOREIGN KEY (`marked_by`) REFERENCES `users` (`id`) ON DELETE SET NULL,
  CONSTRAINT `attendances_student_id_foreign` FOREIGN KEY (`student_id`) REFERENCES `students` (`id`) ON DELETE CASCADE,
  CONSTRAINT `attendances_tenant_id_foreign` FOREIGN KEY (`tenant_id`) REFERENCES `tenants` (`id`) ON DELETE CASCADE
) ENGINE=InnoDB AUTO_INCREMENT=101 DEFAULT CHARSET=utf8mb4 COLLATE=utf8mb4_unicode_ci;

-- Dumping data for table simt_backend.attendances: ~100 rows (approximately)
DELETE FROM `attendances`;
INSERT INTO `attendances` (`id`, `tenant_id`, `student_id`, `class_id`, `date`, `status`, `arrival_time`, `notes`, `marked_by`, `created_at`, `updated_at`) VALUES
	(1, 1, 1, 1, '2026-06-14', 'H', '06:31:00', NULL, 3, '2026-06-14 09:04:48', '2026-06-14 09:04:48'),
	(2, 1, 2, 2, '2026-06-14', 'H', '06:32:00', NULL, 3, '2026-06-14 09:04:48', '2026-06-14 09:04:48'),
	(3, 1, 3, 3, '2026-06-14', 'H', '06:33:00', NULL, 3, '2026-06-14 09:04:49', '2026-06-14 09:04:49'),
	(4, 1, 4, 4, '2026-06-14', 'H', '06:34:00', NULL, 3, '2026-06-14 09:04:49', '2026-06-14 09:04:49'),
	(5, 1, 5, 1, '2026-06-14', 'H', '06:35:00', NULL, 3, '2026-06-14 09:04:49', '2026-06-14 09:04:49'),
	(6, 1, 6, 2, '2026-06-14', 'I', '06:36:00', NULL, 3, '2026-06-14 09:04:49', '2026-06-14 09:04:49'),
	(7, 1, 7, 3, '2026-06-14', 'S', '06:37:00', NULL, 3, '2026-06-14 09:04:50', '2026-06-14 09:04:50'),
	(8, 1, 8, 4, '2026-06-14', 'T', '06:38:00', NULL, 3, '2026-06-14 09:04:50', '2026-06-14 09:04:50'),
	(9, 1, 9, 1, '2026-06-14', 'A', '06:39:00', NULL, 3, '2026-06-14 09:04:50', '2026-06-14 09:04:50'),
	(10, 1, 10, 2, '2026-06-14', 'H', '06:40:00', NULL, 3, '2026-06-14 09:04:51', '2026-06-14 09:04:51'),
	(11, 1, 11, 3, '2026-06-14', 'H', '06:41:00', NULL, 3, '2026-06-14 09:04:51', '2026-06-14 09:04:51'),
	(12, 1, 12, 4, '2026-06-14', 'H', '06:42:00', NULL, 3, '2026-06-14 09:04:51', '2026-06-14 09:04:51'),
	(13, 1, 13, 1, '2026-06-14', 'H', '06:43:00', NULL, 3, '2026-06-14 09:04:51', '2026-06-14 09:04:51'),
	(14, 1, 14, 2, '2026-06-14', 'H', '06:44:00', NULL, 3, '2026-06-14 09:04:52', '2026-06-14 09:04:52'),
	(15, 1, 15, 3, '2026-06-14', 'H', '06:45:00', NULL, 3, '2026-06-14 09:04:52', '2026-06-14 09:04:52'),
	(16, 1, 16, 4, '2026-06-14', 'I', '06:46:00', NULL, 3, '2026-06-14 09:04:52', '2026-06-14 09:04:52'),
	(17, 1, 17, 1, '2026-06-14', 'S', '06:47:00', NULL, 3, '2026-06-14 09:04:53', '2026-06-14 09:04:53'),
	(18, 1, 18, 2, '2026-06-14', 'T', '06:48:00', NULL, 3, '2026-06-14 09:04:53', '2026-06-14 09:04:53'),
	(19, 1, 19, 3, '2026-06-14', 'A', '06:49:00', NULL, 3, '2026-06-14 09:04:53', '2026-06-14 09:04:53'),
	(20, 1, 20, 4, '2026-06-14', 'H', '06:50:00', NULL, 3, '2026-06-14 09:04:53', '2026-06-14 09:04:53'),
	(21, 1, 21, 1, '2026-06-14', 'H', '06:51:00', NULL, 3, '2026-06-14 09:04:54', '2026-06-14 09:04:54'),
	(22, 1, 22, 2, '2026-06-14', 'H', '06:52:00', NULL, 3, '2026-06-14 09:04:54', '2026-06-14 09:04:54'),
	(23, 1, 23, 3, '2026-06-14', 'H', '06:53:00', NULL, 3, '2026-06-14 09:04:54', '2026-06-14 09:04:54'),
	(24, 1, 24, 4, '2026-06-14', 'H', '06:54:00', NULL, 3, '2026-06-14 09:04:55', '2026-06-14 09:04:55'),
	(25, 1, 25, 1, '2026-06-14', 'H', '06:30:00', NULL, 3, '2026-06-14 09:04:55', '2026-06-14 09:04:55'),
	(26, 1, 26, 2, '2026-06-14', 'I', '06:31:00', NULL, 3, '2026-06-14 09:04:55', '2026-06-14 09:04:55'),
	(27, 1, 27, 3, '2026-06-14', 'S', '06:32:00', NULL, 3, '2026-06-14 09:04:55', '2026-06-14 09:04:55'),
	(28, 1, 28, 4, '2026-06-14', 'T', '06:33:00', NULL, 3, '2026-06-14 09:04:56', '2026-06-14 09:04:56'),
	(29, 1, 29, 1, '2026-06-14', 'A', '06:34:00', NULL, 3, '2026-06-14 09:04:56', '2026-06-14 09:04:56'),
	(30, 1, 30, 2, '2026-06-14', 'H', '06:35:00', NULL, 3, '2026-06-14 09:04:56', '2026-06-14 09:04:56'),
	(31, 1, 31, 3, '2026-06-14', 'H', '06:36:00', NULL, 3, '2026-06-14 09:04:57', '2026-06-14 09:04:57'),
	(32, 1, 32, 4, '2026-06-14', 'H', '06:37:00', NULL, 3, '2026-06-14 09:04:57', '2026-06-14 09:04:57'),
	(33, 1, 33, 1, '2026-06-14', 'H', '06:38:00', NULL, 3, '2026-06-14 09:04:57', '2026-06-14 09:04:57'),
	(34, 1, 34, 2, '2026-06-14', 'H', '06:39:00', NULL, 3, '2026-06-14 09:04:57', '2026-06-14 09:04:57'),
	(35, 1, 35, 3, '2026-06-14', 'H', '06:40:00', NULL, 3, '2026-06-14 09:04:58', '2026-06-14 09:04:58'),
	(36, 1, 36, 4, '2026-06-14', 'I', '06:41:00', NULL, 3, '2026-06-14 09:04:58', '2026-06-14 09:04:58'),
	(37, 1, 37, 1, '2026-06-14', 'S', '06:42:00', NULL, 3, '2026-06-14 09:04:58', '2026-06-14 09:04:58'),
	(38, 1, 38, 2, '2026-06-14', 'T', '06:43:00', NULL, 3, '2026-06-14 09:04:59', '2026-06-14 09:04:59'),
	(39, 1, 39, 3, '2026-06-14', 'A', '06:44:00', NULL, 3, '2026-06-14 09:04:59', '2026-06-14 09:04:59'),
	(40, 1, 40, 4, '2026-06-14', 'H', '06:45:00', NULL, 3, '2026-06-14 09:04:59', '2026-06-14 09:04:59'),
	(41, 1, 41, 1, '2026-06-14', 'H', '06:46:00', NULL, 3, '2026-06-14 09:04:59', '2026-06-14 09:04:59'),
	(42, 1, 42, 2, '2026-06-14', 'H', '06:47:00', NULL, 3, '2026-06-14 09:05:00', '2026-06-14 09:05:00'),
	(43, 1, 43, 3, '2026-06-14', 'H', '06:48:00', NULL, 3, '2026-06-14 09:05:00', '2026-06-14 09:05:00'),
	(44, 1, 44, 4, '2026-06-14', 'H', '06:49:00', NULL, 3, '2026-06-14 09:05:00', '2026-06-14 09:05:00'),
	(45, 1, 45, 1, '2026-06-14', 'H', '06:50:00', NULL, 3, '2026-06-14 09:05:01', '2026-06-14 09:05:01'),
	(46, 1, 46, 2, '2026-06-14', 'I', '06:51:00', NULL, 3, '2026-06-14 09:05:01', '2026-06-14 09:05:01'),
	(47, 1, 47, 3, '2026-06-14', 'S', '06:52:00', NULL, 3, '2026-06-14 09:05:01', '2026-06-14 09:05:01'),
	(48, 1, 48, 4, '2026-06-14', 'T', '06:53:00', NULL, 3, '2026-06-14 09:05:01', '2026-06-14 09:05:01'),
	(49, 1, 49, 1, '2026-06-14', 'A', '06:54:00', NULL, 3, '2026-06-14 09:05:02', '2026-06-14 09:05:02'),
	(50, 1, 50, 2, '2026-06-14', 'H', '06:30:00', NULL, 3, '2026-06-14 09:05:02', '2026-06-14 09:05:02'),
	(51, 1, 51, 3, '2026-06-14', 'H', '06:31:00', NULL, 3, '2026-06-14 09:05:02', '2026-06-14 09:05:02'),
	(52, 1, 52, 4, '2026-06-14', 'H', '06:32:00', NULL, 3, '2026-06-14 09:05:03', '2026-06-14 09:05:03'),
	(53, 1, 53, 1, '2026-06-14', 'H', '06:33:00', NULL, 3, '2026-06-14 09:05:03', '2026-06-14 09:05:03'),
	(54, 1, 54, 2, '2026-06-14', 'H', '06:34:00', NULL, 3, '2026-06-14 09:05:03', '2026-06-14 09:05:03'),
	(55, 1, 55, 3, '2026-06-14', 'H', '06:35:00', NULL, 3, '2026-06-14 09:05:03', '2026-06-14 09:05:03'),
	(56, 1, 56, 4, '2026-06-14', 'I', '06:36:00', NULL, 3, '2026-06-14 09:05:04', '2026-06-14 09:05:04'),
	(57, 1, 57, 1, '2026-06-14', 'S', '06:37:00', NULL, 3, '2026-06-14 09:05:04', '2026-06-14 09:05:04'),
	(58, 1, 58, 2, '2026-06-14', 'T', '06:38:00', NULL, 3, '2026-06-14 09:05:04', '2026-06-14 09:05:04'),
	(59, 1, 59, 3, '2026-06-14', 'A', '06:39:00', NULL, 3, '2026-06-14 09:05:05', '2026-06-14 09:05:05'),
	(60, 1, 60, 4, '2026-06-14', 'H', '06:40:00', NULL, 3, '2026-06-14 09:05:05', '2026-06-14 09:05:05'),
	(61, 1, 61, 1, '2026-06-14', 'H', '06:41:00', NULL, 3, '2026-06-14 09:05:05', '2026-06-14 09:05:05'),
	(62, 1, 62, 2, '2026-06-14', 'H', '06:42:00', NULL, 3, '2026-06-14 09:05:05', '2026-06-14 09:05:05'),
	(63, 1, 63, 3, '2026-06-14', 'H', '06:43:00', NULL, 3, '2026-06-14 09:05:06', '2026-06-14 09:05:06'),
	(64, 1, 64, 4, '2026-06-14', 'H', '06:44:00', NULL, 3, '2026-06-14 09:05:06', '2026-06-14 09:05:06'),
	(65, 1, 65, 1, '2026-06-14', 'H', '06:45:00', NULL, 3, '2026-06-14 09:05:06', '2026-06-14 09:05:06'),
	(66, 1, 66, 2, '2026-06-14', 'I', '06:46:00', NULL, 3, '2026-06-14 09:05:07', '2026-06-14 09:05:07'),
	(67, 1, 67, 3, '2026-06-14', 'S', '06:47:00', NULL, 3, '2026-06-14 09:05:07', '2026-06-14 09:05:07'),
	(68, 1, 68, 4, '2026-06-14', 'T', '06:48:00', NULL, 3, '2026-06-14 09:05:07', '2026-06-14 09:05:07'),
	(69, 1, 69, 1, '2026-06-14', 'A', '06:49:00', NULL, 3, '2026-06-14 09:05:07', '2026-06-14 09:05:07'),
	(70, 1, 70, 2, '2026-06-14', 'H', '06:50:00', NULL, 3, '2026-06-14 09:05:08', '2026-06-14 09:05:08'),
	(71, 1, 71, 3, '2026-06-14', 'H', '06:51:00', NULL, 3, '2026-06-14 09:05:08', '2026-06-14 09:05:08'),
	(72, 1, 72, 4, '2026-06-14', 'H', '06:52:00', NULL, 3, '2026-06-14 09:05:08', '2026-06-14 09:05:08'),
	(73, 1, 73, 1, '2026-06-14', 'H', '06:53:00', NULL, 3, '2026-06-14 09:05:09', '2026-06-14 09:05:09'),
	(74, 1, 74, 2, '2026-06-14', 'H', '06:54:00', NULL, 3, '2026-06-14 09:05:09', '2026-06-14 09:05:09'),
	(75, 1, 75, 3, '2026-06-14', 'H', '06:30:00', NULL, 3, '2026-06-14 09:05:09', '2026-06-14 09:05:09'),
	(76, 1, 76, 4, '2026-06-14', 'I', '06:31:00', NULL, 3, '2026-06-14 09:05:09', '2026-06-14 09:05:09'),
	(77, 1, 77, 1, '2026-06-14', 'S', '06:32:00', NULL, 3, '2026-06-14 09:05:10', '2026-06-14 09:05:10'),
	(78, 1, 78, 2, '2026-06-14', 'T', '06:33:00', NULL, 3, '2026-06-14 09:05:10', '2026-06-14 09:05:10'),
	(79, 1, 79, 3, '2026-06-14', 'A', '06:34:00', NULL, 3, '2026-06-14 09:05:10', '2026-06-14 09:05:10'),
	(80, 1, 80, 4, '2026-06-14', 'H', '06:35:00', NULL, 3, '2026-06-14 09:05:11', '2026-06-14 09:05:11'),
	(81, 1, 81, 1, '2026-06-14', 'H', '06:36:00', NULL, 3, '2026-06-14 09:05:11', '2026-06-14 09:05:11'),
	(82, 1, 82, 2, '2026-06-14', 'H', '06:37:00', NULL, 3, '2026-06-14 09:05:11', '2026-06-14 09:05:11'),
	(83, 1, 83, 3, '2026-06-14', 'H', '06:38:00', NULL, 3, '2026-06-14 09:05:11', '2026-06-14 09:05:11'),
	(84, 1, 84, 4, '2026-06-14', 'H', '06:39:00', NULL, 3, '2026-06-14 09:05:12', '2026-06-14 09:05:12'),
	(85, 1, 85, 1, '2026-06-14', 'H', '06:40:00', NULL, 3, '2026-06-14 09:05:12', '2026-06-14 09:05:12'),
	(86, 1, 86, 2, '2026-06-14', 'I', '06:41:00', NULL, 3, '2026-06-14 09:05:12', '2026-06-14 09:05:12'),
	(87, 1, 87, 3, '2026-06-14', 'S', '06:42:00', NULL, 3, '2026-06-14 09:05:13', '2026-06-14 09:05:13'),
	(88, 1, 88, 4, '2026-06-14', 'T', '06:43:00', NULL, 3, '2026-06-14 09:05:13', '2026-06-14 09:05:13'),
	(89, 1, 89, 1, '2026-06-14', 'A', '06:44:00', NULL, 3, '2026-06-14 09:05:13', '2026-06-14 09:05:13'),
	(90, 1, 90, 2, '2026-06-14', 'H', '06:45:00', NULL, 3, '2026-06-14 09:05:13', '2026-06-14 09:05:13'),
	(91, 1, 91, 3, '2026-06-14', 'H', '06:46:00', NULL, 3, '2026-06-14 09:05:14', '2026-06-14 09:05:14'),
	(92, 1, 92, 4, '2026-06-14', 'H', '06:47:00', NULL, 3, '2026-06-14 09:05:14', '2026-06-14 09:05:14'),
	(93, 1, 93, 1, '2026-06-14', 'H', '06:48:00', NULL, 3, '2026-06-14 09:05:14', '2026-06-14 09:05:14'),
	(94, 1, 94, 2, '2026-06-14', 'H', '06:49:00', NULL, 3, '2026-06-14 09:05:15', '2026-06-14 09:05:15'),
	(95, 1, 95, 3, '2026-06-14', 'H', '06:50:00', NULL, 3, '2026-06-14 09:05:15', '2026-06-14 09:05:15'),
	(96, 1, 96, 4, '2026-06-14', 'I', '06:51:00', NULL, 3, '2026-06-14 09:05:15', '2026-06-14 09:05:15'),
	(97, 1, 97, 1, '2026-06-14', 'S', '06:52:00', NULL, 3, '2026-06-14 09:05:15', '2026-06-14 09:05:15'),
	(98, 1, 98, 2, '2026-06-14', 'T', '06:53:00', NULL, 3, '2026-06-14 09:05:16', '2026-06-14 09:05:16'),
	(99, 1, 99, 3, '2026-06-14', 'A', '06:54:00', NULL, 3, '2026-06-14 09:05:16', '2026-06-14 09:05:16'),
	(100, 1, 100, 4, '2026-06-14', 'H', '06:30:00', NULL, 3, '2026-06-14 09:05:16', '2026-06-14 09:05:16');

-- Dumping structure for table simt_backend.bills
CREATE TABLE IF NOT EXISTS `bills` (
  `id` bigint(20) unsigned NOT NULL AUTO_INCREMENT,
  `tenant_id` bigint(20) unsigned NOT NULL,
  `student_id` bigint(20) unsigned NOT NULL,
  `period` varchar(20) COLLATE utf8mb4_unicode_ci NOT NULL,
  `component` varchar(50) COLLATE utf8mb4_unicode_ci NOT NULL DEFAULT 'SPP',
  `amount` decimal(12,2) NOT NULL,
  `paid_amount` decimal(12,2) NOT NULL DEFAULT '0.00',
  `discount` decimal(12,2) NOT NULL DEFAULT '0.00',
  `status` enum('unpaid','partial','paid') COLLATE utf8mb4_unicode_ci NOT NULL DEFAULT 'unpaid',
  `due_date` date DEFAULT NULL,
  `created_at` timestamp NULL DEFAULT NULL,
  `updated_at` timestamp NULL DEFAULT NULL,
  PRIMARY KEY (`id`),
  KEY `bills_student_id_foreign` (`student_id`),
  KEY `bills_tenant_id_student_id_index` (`tenant_id`,`student_id`),
  KEY `bills_tenant_id_status_index` (`tenant_id`,`status`),
  KEY `bills_tenant_id_period_index` (`tenant_id`,`period`),
  CONSTRAINT `bills_student_id_foreign` FOREIGN KEY (`student_id`) REFERENCES `students` (`id`) ON DELETE CASCADE,
  CONSTRAINT `bills_tenant_id_foreign` FOREIGN KEY (`tenant_id`) REFERENCES `tenants` (`id`) ON DELETE CASCADE
) ENGINE=InnoDB AUTO_INCREMENT=101 DEFAULT CHARSET=utf8mb4 COLLATE=utf8mb4_unicode_ci;

-- Dumping data for table simt_backend.bills: ~100 rows (approximately)
DELETE FROM `bills`;
INSERT INTO `bills` (`id`, `tenant_id`, `student_id`, `period`, `component`, `amount`, `paid_amount`, `discount`, `status`, `due_date`, `created_at`, `updated_at`) VALUES
	(1, 1, 1, '2026-06', 'SPP', 150000.00, 150000.00, 0.00, 'paid', '2026-06-30', '2026-06-14 09:04:48', '2026-06-14 09:04:48'),
	(2, 1, 2, '2026-06', 'SPP', 150000.00, 150000.00, 0.00, 'paid', '2026-06-30', '2026-06-14 09:04:48', '2026-06-14 09:04:48'),
	(3, 1, 3, '2026-06', 'SPP', 150000.00, 150000.00, 0.00, 'paid', '2026-06-30', '2026-06-14 09:04:49', '2026-06-14 09:04:49'),
	(4, 1, 4, '2026-06', 'SPP', 150000.00, 150000.00, 0.00, 'paid', '2026-06-30', '2026-06-14 09:04:49', '2026-06-14 09:04:49'),
	(5, 1, 5, '2026-06', 'SPP', 150000.00, 150000.00, 0.00, 'paid', '2026-06-30', '2026-06-14 09:04:49', '2026-06-14 09:04:49'),
	(6, 1, 6, '2026-06', 'SPP', 150000.00, 150000.00, 0.00, 'paid', '2026-06-30', '2026-06-14 09:04:49', '2026-06-14 09:04:49'),
	(7, 1, 7, '2026-06', 'SPP', 150000.00, 150000.00, 0.00, 'paid', '2026-06-30', '2026-06-14 09:04:50', '2026-06-14 09:04:50'),
	(8, 1, 8, '2026-06', 'SPP', 150000.00, 150000.00, 0.00, 'paid', '2026-06-30', '2026-06-14 09:04:50', '2026-06-14 09:04:50'),
	(9, 1, 9, '2026-06', 'SPP', 150000.00, 150000.00, 0.00, 'paid', '2026-06-30', '2026-06-14 09:04:50', '2026-06-14 09:04:50'),
	(10, 1, 10, '2026-06', 'SPP', 150000.00, 150000.00, 0.00, 'paid', '2026-06-30', '2026-06-14 09:04:51', '2026-06-14 09:04:51'),
	(11, 1, 11, '2026-06', 'SPP', 150000.00, 150000.00, 0.00, 'paid', '2026-06-30', '2026-06-14 09:04:51', '2026-06-14 09:04:51'),
	(12, 1, 12, '2026-06', 'SPP', 150000.00, 150000.00, 0.00, 'paid', '2026-06-30', '2026-06-14 09:04:51', '2026-06-14 09:04:51'),
	(13, 1, 13, '2026-06', 'SPP', 150000.00, 150000.00, 0.00, 'paid', '2026-06-30', '2026-06-14 09:04:51', '2026-06-14 09:04:51'),
	(14, 1, 14, '2026-06', 'SPP', 150000.00, 150000.00, 0.00, 'paid', '2026-06-30', '2026-06-14 09:04:52', '2026-06-14 09:04:52'),
	(15, 1, 15, '2026-06', 'SPP', 150000.00, 150000.00, 0.00, 'paid', '2026-06-30', '2026-06-14 09:04:52', '2026-06-14 09:04:52'),
	(16, 1, 16, '2026-06', 'SPP', 150000.00, 150000.00, 0.00, 'paid', '2026-06-30', '2026-06-14 09:04:52', '2026-06-14 09:04:52'),
	(17, 1, 17, '2026-06', 'SPP', 150000.00, 150000.00, 0.00, 'paid', '2026-06-30', '2026-06-14 09:04:53', '2026-06-14 09:04:53'),
	(18, 1, 18, '2026-06', 'SPP', 150000.00, 150000.00, 0.00, 'paid', '2026-06-30', '2026-06-14 09:04:53', '2026-06-14 09:04:53'),
	(19, 1, 19, '2026-06', 'SPP', 150000.00, 150000.00, 0.00, 'paid', '2026-06-30', '2026-06-14 09:04:53', '2026-06-14 09:04:53'),
	(20, 1, 20, '2026-06', 'SPP', 150000.00, 150000.00, 0.00, 'paid', '2026-06-30', '2026-06-14 09:04:53', '2026-06-14 09:04:53'),
	(21, 1, 21, '2026-06', 'SPP', 150000.00, 150000.00, 0.00, 'paid', '2026-06-30', '2026-06-14 09:04:54', '2026-06-14 09:04:54'),
	(22, 1, 22, '2026-06', 'SPP', 150000.00, 150000.00, 0.00, 'paid', '2026-06-30', '2026-06-14 09:04:54', '2026-06-14 09:04:54'),
	(23, 1, 23, '2026-06', 'SPP', 150000.00, 150000.00, 0.00, 'paid', '2026-06-30', '2026-06-14 09:04:54', '2026-06-14 09:04:54'),
	(24, 1, 24, '2026-06', 'SPP', 150000.00, 150000.00, 0.00, 'paid', '2026-06-30', '2026-06-14 09:04:55', '2026-06-14 09:04:55'),
	(25, 1, 25, '2026-06', 'SPP', 150000.00, 150000.00, 0.00, 'paid', '2026-06-30', '2026-06-14 09:04:55', '2026-06-14 09:04:55'),
	(26, 1, 26, '2026-06', 'SPP', 150000.00, 150000.00, 0.00, 'paid', '2026-06-30', '2026-06-14 09:04:55', '2026-06-14 09:04:55'),
	(27, 1, 27, '2026-06', 'SPP', 150000.00, 150000.00, 0.00, 'paid', '2026-06-30', '2026-06-14 09:04:55', '2026-06-14 09:04:55'),
	(28, 1, 28, '2026-06', 'SPP', 150000.00, 150000.00, 0.00, 'paid', '2026-06-30', '2026-06-14 09:04:56', '2026-06-14 09:04:56'),
	(29, 1, 29, '2026-06', 'SPP', 150000.00, 150000.00, 0.00, 'paid', '2026-06-30', '2026-06-14 09:04:56', '2026-06-14 09:04:56'),
	(30, 1, 30, '2026-06', 'SPP', 150000.00, 150000.00, 0.00, 'paid', '2026-06-30', '2026-06-14 09:04:56', '2026-06-14 09:04:56'),
	(31, 1, 31, '2026-06', 'SPP', 150000.00, 150000.00, 0.00, 'paid', '2026-06-30', '2026-06-14 09:04:57', '2026-06-14 09:04:57'),
	(32, 1, 32, '2026-06', 'SPP', 150000.00, 150000.00, 0.00, 'paid', '2026-06-30', '2026-06-14 09:04:57', '2026-06-14 09:04:57'),
	(33, 1, 33, '2026-06', 'SPP', 150000.00, 150000.00, 0.00, 'paid', '2026-06-30', '2026-06-14 09:04:57', '2026-06-14 09:04:57'),
	(34, 1, 34, '2026-06', 'SPP', 150000.00, 150000.00, 0.00, 'paid', '2026-06-30', '2026-06-14 09:04:57', '2026-06-14 09:04:57'),
	(35, 1, 35, '2026-06', 'SPP', 150000.00, 150000.00, 0.00, 'paid', '2026-06-30', '2026-06-14 09:04:58', '2026-06-14 09:04:58'),
	(36, 1, 36, '2026-06', 'SPP', 150000.00, 150000.00, 0.00, 'paid', '2026-06-30', '2026-06-14 09:04:58', '2026-06-14 09:04:58'),
	(37, 1, 37, '2026-06', 'SPP', 150000.00, 150000.00, 0.00, 'paid', '2026-06-30', '2026-06-14 09:04:58', '2026-06-14 09:04:58'),
	(38, 1, 38, '2026-06', 'SPP', 150000.00, 150000.00, 0.00, 'paid', '2026-06-30', '2026-06-14 09:04:59', '2026-06-14 09:04:59'),
	(39, 1, 39, '2026-06', 'SPP', 150000.00, 150000.00, 0.00, 'paid', '2026-06-30', '2026-06-14 09:04:59', '2026-06-14 09:04:59'),
	(40, 1, 40, '2026-06', 'SPP', 150000.00, 150000.00, 0.00, 'paid', '2026-06-30', '2026-06-14 09:04:59', '2026-06-14 09:04:59'),
	(41, 1, 41, '2026-06', 'SPP', 150000.00, 150000.00, 0.00, 'paid', '2026-06-30', '2026-06-14 09:04:59', '2026-06-14 09:04:59'),
	(42, 1, 42, '2026-06', 'SPP', 150000.00, 150000.00, 0.00, 'paid', '2026-06-30', '2026-06-14 09:05:00', '2026-06-14 09:05:00'),
	(43, 1, 43, '2026-06', 'SPP', 150000.00, 150000.00, 0.00, 'paid', '2026-06-30', '2026-06-14 09:05:00', '2026-06-14 09:05:00'),
	(44, 1, 44, '2026-06', 'SPP', 150000.00, 150000.00, 0.00, 'paid', '2026-06-30', '2026-06-14 09:05:00', '2026-06-14 09:05:00'),
	(45, 1, 45, '2026-06', 'SPP', 150000.00, 150000.00, 0.00, 'paid', '2026-06-30', '2026-06-14 09:05:01', '2026-06-14 09:05:01'),
	(46, 1, 46, '2026-06', 'SPP', 150000.00, 150000.00, 0.00, 'paid', '2026-06-30', '2026-06-14 09:05:01', '2026-06-14 09:05:01'),
	(47, 1, 47, '2026-06', 'SPP', 150000.00, 150000.00, 0.00, 'paid', '2026-06-30', '2026-06-14 09:05:01', '2026-06-14 09:05:01'),
	(48, 1, 48, '2026-06', 'SPP', 150000.00, 150000.00, 0.00, 'paid', '2026-06-30', '2026-06-14 09:05:01', '2026-06-14 09:05:01'),
	(49, 1, 49, '2026-06', 'SPP', 150000.00, 150000.00, 0.00, 'paid', '2026-06-30', '2026-06-14 09:05:02', '2026-06-14 09:05:02'),
	(50, 1, 50, '2026-06', 'SPP', 150000.00, 150000.00, 0.00, 'paid', '2026-06-30', '2026-06-14 09:05:02', '2026-06-14 09:05:02'),
	(51, 1, 51, '2026-06', 'SPP', 150000.00, 150000.00, 0.00, 'paid', '2026-06-30', '2026-06-14 09:05:02', '2026-06-14 09:05:02'),
	(52, 1, 52, '2026-06', 'SPP', 150000.00, 150000.00, 0.00, 'paid', '2026-06-30', '2026-06-14 09:05:03', '2026-06-14 09:05:03'),
	(53, 1, 53, '2026-06', 'SPP', 150000.00, 150000.00, 0.00, 'paid', '2026-06-30', '2026-06-14 09:05:03', '2026-06-14 09:05:03'),
	(54, 1, 54, '2026-06', 'SPP', 150000.00, 150000.00, 0.00, 'paid', '2026-06-30', '2026-06-14 09:05:03', '2026-06-14 09:05:03'),
	(55, 1, 55, '2026-06', 'SPP', 150000.00, 150000.00, 0.00, 'paid', '2026-06-30', '2026-06-14 09:05:03', '2026-06-14 09:05:03'),
	(56, 1, 56, '2026-06', 'SPP', 150000.00, 150000.00, 0.00, 'paid', '2026-06-30', '2026-06-14 09:05:04', '2026-06-14 09:05:04'),
	(57, 1, 57, '2026-06', 'SPP', 150000.00, 150000.00, 0.00, 'paid', '2026-06-30', '2026-06-14 09:05:04', '2026-06-14 09:05:04'),
	(58, 1, 58, '2026-06', 'SPP', 150000.00, 150000.00, 0.00, 'paid', '2026-06-30', '2026-06-14 09:05:04', '2026-06-14 09:05:04'),
	(59, 1, 59, '2026-06', 'SPP', 150000.00, 150000.00, 0.00, 'paid', '2026-06-30', '2026-06-14 09:05:05', '2026-06-14 09:05:05'),
	(60, 1, 60, '2026-06', 'SPP', 150000.00, 150000.00, 0.00, 'paid', '2026-06-30', '2026-06-14 09:05:05', '2026-06-14 09:05:05'),
	(61, 1, 61, '2026-06', 'SPP', 150000.00, 0.00, 0.00, 'unpaid', '2026-06-30', '2026-06-14 09:05:05', '2026-06-14 09:05:05'),
	(62, 1, 62, '2026-06', 'SPP', 150000.00, 0.00, 0.00, 'unpaid', '2026-06-30', '2026-06-14 09:05:05', '2026-06-14 09:05:05'),
	(63, 1, 63, '2026-06', 'SPP', 150000.00, 0.00, 0.00, 'unpaid', '2026-06-30', '2026-06-14 09:05:06', '2026-06-14 09:05:06'),
	(64, 1, 64, '2026-06', 'SPP', 150000.00, 0.00, 0.00, 'unpaid', '2026-06-30', '2026-06-14 09:05:06', '2026-06-14 09:05:06'),
	(65, 1, 65, '2026-06', 'SPP', 150000.00, 0.00, 0.00, 'unpaid', '2026-06-30', '2026-06-14 09:05:06', '2026-06-14 09:05:06'),
	(66, 1, 66, '2026-06', 'SPP', 150000.00, 0.00, 0.00, 'unpaid', '2026-06-30', '2026-06-14 09:05:07', '2026-06-14 09:05:07'),
	(67, 1, 67, '2026-06', 'SPP', 150000.00, 0.00, 0.00, 'unpaid', '2026-06-30', '2026-06-14 09:05:07', '2026-06-14 09:05:07'),
	(68, 1, 68, '2026-06', 'SPP', 150000.00, 0.00, 0.00, 'unpaid', '2026-06-30', '2026-06-14 09:05:07', '2026-06-14 09:05:07'),
	(69, 1, 69, '2026-06', 'SPP', 150000.00, 0.00, 0.00, 'unpaid', '2026-06-30', '2026-06-14 09:05:07', '2026-06-14 09:05:07'),
	(70, 1, 70, '2026-06', 'SPP', 150000.00, 0.00, 0.00, 'unpaid', '2026-06-30', '2026-06-14 09:05:08', '2026-06-14 09:05:08'),
	(71, 1, 71, '2026-06', 'SPP', 150000.00, 0.00, 0.00, 'unpaid', '2026-06-30', '2026-06-14 09:05:08', '2026-06-14 09:05:08'),
	(72, 1, 72, '2026-06', 'SPP', 150000.00, 0.00, 0.00, 'unpaid', '2026-06-30', '2026-06-14 09:05:08', '2026-06-14 09:05:08'),
	(73, 1, 73, '2026-06', 'SPP', 150000.00, 0.00, 0.00, 'unpaid', '2026-06-30', '2026-06-14 09:05:09', '2026-06-14 09:05:09'),
	(74, 1, 74, '2026-06', 'SPP', 150000.00, 0.00, 0.00, 'unpaid', '2026-06-30', '2026-06-14 09:05:09', '2026-06-14 09:05:09'),
	(75, 1, 75, '2026-06', 'SPP', 150000.00, 0.00, 0.00, 'unpaid', '2026-06-30', '2026-06-14 09:05:09', '2026-06-14 09:05:09'),
	(76, 1, 76, '2026-06', 'SPP', 150000.00, 0.00, 0.00, 'unpaid', '2026-06-30', '2026-06-14 09:05:09', '2026-06-14 09:05:09'),
	(77, 1, 77, '2026-06', 'SPP', 150000.00, 0.00, 0.00, 'unpaid', '2026-06-30', '2026-06-14 09:05:10', '2026-06-14 09:05:10'),
	(78, 1, 78, '2026-06', 'SPP', 150000.00, 0.00, 0.00, 'unpaid', '2026-06-30', '2026-06-14 09:05:10', '2026-06-14 09:05:10'),
	(79, 1, 79, '2026-06', 'SPP', 150000.00, 0.00, 0.00, 'unpaid', '2026-06-30', '2026-06-14 09:05:10', '2026-06-14 09:05:10'),
	(80, 1, 80, '2026-06', 'SPP', 150000.00, 0.00, 0.00, 'unpaid', '2026-06-30', '2026-06-14 09:05:11', '2026-06-14 09:05:11'),
	(81, 1, 81, '2026-06', 'SPP', 150000.00, 0.00, 0.00, 'unpaid', '2026-06-30', '2026-06-14 09:05:11', '2026-06-14 09:05:11'),
	(82, 1, 82, '2026-06', 'SPP', 150000.00, 0.00, 0.00, 'unpaid', '2026-06-30', '2026-06-14 09:05:11', '2026-06-14 09:05:11'),
	(83, 1, 83, '2026-06', 'SPP', 150000.00, 0.00, 0.00, 'unpaid', '2026-06-30', '2026-06-14 09:05:11', '2026-06-14 09:05:11'),
	(84, 1, 84, '2026-06', 'SPP', 150000.00, 0.00, 0.00, 'unpaid', '2026-06-30', '2026-06-14 09:05:12', '2026-06-14 09:05:12'),
	(85, 1, 85, '2026-06', 'SPP', 150000.00, 0.00, 0.00, 'unpaid', '2026-06-30', '2026-06-14 09:05:12', '2026-06-14 09:05:12'),
	(86, 1, 86, '2026-06', 'SPP', 150000.00, 0.00, 0.00, 'unpaid', '2026-06-30', '2026-06-14 09:05:12', '2026-06-14 09:05:12'),
	(87, 1, 87, '2026-06', 'SPP', 150000.00, 0.00, 0.00, 'unpaid', '2026-06-30', '2026-06-14 09:05:13', '2026-06-14 09:05:13'),
	(88, 1, 88, '2026-06', 'SPP', 150000.00, 0.00, 0.00, 'unpaid', '2026-06-30', '2026-06-14 09:05:13', '2026-06-14 09:05:13'),
	(89, 1, 89, '2026-06', 'SPP', 150000.00, 0.00, 0.00, 'unpaid', '2026-06-30', '2026-06-14 09:05:13', '2026-06-14 09:05:13'),
	(90, 1, 90, '2026-06', 'SPP', 150000.00, 0.00, 0.00, 'unpaid', '2026-06-30', '2026-06-14 09:05:13', '2026-06-14 09:05:13'),
	(91, 1, 91, '2026-06', 'SPP', 150000.00, 0.00, 0.00, 'unpaid', '2026-06-30', '2026-06-14 09:05:14', '2026-06-14 09:05:14'),
	(92, 1, 92, '2026-06', 'SPP', 150000.00, 0.00, 0.00, 'unpaid', '2026-06-30', '2026-06-14 09:05:14', '2026-06-14 09:05:14'),
	(93, 1, 93, '2026-06', 'SPP', 150000.00, 0.00, 0.00, 'unpaid', '2026-06-30', '2026-06-14 09:05:14', '2026-06-14 09:05:14'),
	(94, 1, 94, '2026-06', 'SPP', 150000.00, 0.00, 0.00, 'unpaid', '2026-06-30', '2026-06-14 09:05:15', '2026-06-14 09:05:15'),
	(95, 1, 95, '2026-06', 'SPP', 150000.00, 0.00, 0.00, 'unpaid', '2026-06-30', '2026-06-14 09:05:15', '2026-06-14 09:05:15'),
	(96, 1, 96, '2026-06', 'SPP', 150000.00, 0.00, 0.00, 'unpaid', '2026-06-30', '2026-06-14 09:05:15', '2026-06-14 09:05:15'),
	(97, 1, 97, '2026-06', 'SPP', 150000.00, 0.00, 0.00, 'unpaid', '2026-06-30', '2026-06-14 09:05:15', '2026-06-14 09:05:15'),
	(98, 1, 98, '2026-06', 'SPP', 150000.00, 0.00, 0.00, 'unpaid', '2026-06-30', '2026-06-14 09:05:16', '2026-06-14 09:05:16'),
	(99, 1, 99, '2026-06', 'SPP', 150000.00, 0.00, 0.00, 'unpaid', '2026-06-30', '2026-06-14 09:05:16', '2026-06-14 09:05:16'),
	(100, 1, 100, '2026-06', 'SPP', 150000.00, 0.00, 0.00, 'unpaid', '2026-06-30', '2026-06-14 09:05:16', '2026-06-14 09:05:16');

-- Dumping structure for table simt_backend.cache
CREATE TABLE IF NOT EXISTS `cache` (
  `key` varchar(255) COLLATE utf8mb4_unicode_ci NOT NULL,
  `value` mediumtext COLLATE utf8mb4_unicode_ci NOT NULL,
  `expiration` int(11) NOT NULL,
  PRIMARY KEY (`key`)
) ENGINE=InnoDB DEFAULT CHARSET=utf8mb4 COLLATE=utf8mb4_unicode_ci;

-- Dumping data for table simt_backend.cache: ~0 rows (approximately)
DELETE FROM `cache`;
INSERT INTO `cache` (`key`, `value`, `expiration`) VALUES
	('simt_mts_cache_spatie.permission.cache', 'a:3:{s:5:"alias";a:5:{s:1:"a";s:2:"id";s:1:"b";s:4:"name";s:1:"c";s:10:"guard_name";s:1:"r";s:5:"roles";s:1:"j";s:7:"team_id";}s:11:"permissions";a:19:{i:0;a:4:{s:1:"a";i:1;s:1:"b";s:14:"view_dashboard";s:1:"c";s:3:"web";s:1:"r";a:18:{i:0;i:1;i:1;i:2;i:2;i:3;i:3;i:4;i:4;i:5;i:5;i:6;i:6;i:7;i:7;i:8;i:8;i:9;i:9;i:10;i:10;i:11;i:11;i:12;i:12;i:13;i:13;i:14;i:14;i:15;i:15;i:16;i:16;i:17;i:17;i:18;}}i:1;a:4:{s:1:"a";i:2;s:1:"b";s:12:"manage_users";s:1:"c";s:3:"web";s:1:"r";a:3:{i:0;i:1;i:1;i:7;i:2;i:13;}}i:2;a:4:{s:1:"a";i:3;s:1:"b";s:12:"manage_roles";s:1:"c";s:3:"web";s:1:"r";a:3:{i:0;i:1;i:1;i:7;i:2;i:13;}}i:3;a:4:{s:1:"a";i:4;s:1:"b";s:14:"manage_tenants";s:1:"c";s:3:"web";s:1:"r";a:3:{i:0;i:1;i:1;i:7;i:2;i:13;}}i:4;a:4:{s:1:"a";i:5;s:1:"b";s:13:"view_students";s:1:"c";s:3:"web";s:1:"r";a:12:{i:0;i:1;i:1;i:2;i:2;i:3;i:3;i:5;i:4;i:7;i:5;i:8;i:6;i:9;i:7;i:11;i:8;i:13;i:9;i:14;i:10;i:15;i:11;i:17;}}i:5;a:4:{s:1:"a";i:6;s:1:"b";s:15:"create_students";s:1:"c";s:3:"web";s:1:"r";a:6:{i:0;i:1;i:1;i:3;i:2;i:7;i:3;i:9;i:4;i:13;i:5;i:15;}}i:6;a:4:{s:1:"a";i:7;s:1:"b";s:13:"edit_students";s:1:"c";s:3:"web";s:1:"r";a:6:{i:0;i:1;i:1;i:3;i:2;i:7;i:3;i:9;i:4;i:13;i:5;i:15;}}i:7;a:4:{s:1:"a";i:8;s:1:"b";s:15:"delete_students";s:1:"c";s:3:"web";s:1:"r";a:3:{i:0;i:1;i:1;i:7;i:2;i:13;}}i:8;a:4:{s:1:"a";i:9;s:1:"b";s:15:"import_students";s:1:"c";s:3:"web";s:1:"r";a:6:{i:0;i:1;i:1;i:3;i:2;i:7;i:3;i:9;i:4;i:13;i:5;i:15;}}i:9;a:4:{s:1:"a";i:10;s:1:"b";s:15:"view_attendance";s:1:"c";s:3:"web";s:1:"r";a:12:{i:0;i:1;i:1;i:2;i:2;i:3;i:3;i:5;i:4;i:7;i:5;i:8;i:6;i:9;i:7;i:11;i:8;i:13;i:9;i:14;i:10;i:15;i:11;i:17;}}i:10;a:4:{s:1:"a";i:11;s:1:"b";s:15:"mark_attendance";s:1:"c";s:3:"web";s:1:"r";a:6:{i:0;i:1;i:1;i:5;i:2;i:7;i:3;i:11;i:4;i:13;i:5;i:17;}}i:11;a:4:{s:1:"a";i:12;s:1:"b";s:15:"edit_attendance";s:1:"c";s:3:"web";s:1:"r";a:6:{i:0;i:1;i:1;i:5;i:2;i:7;i:3;i:11;i:4;i:13;i:5;i:17;}}i:12;a:4:{s:1:"a";i:13;s:1:"b";s:21:"view_attendance_rekap";s:1:"c";s:3:"web";s:1:"r";a:9:{i:0;i:1;i:1;i:2;i:2;i:3;i:3;i:7;i:4;i:8;i:5;i:9;i:6;i:13;i:7;i:14;i:8;i:15;}}i:13;a:4:{s:1:"a";i:14;s:1:"b";s:10:"view_bills";s:1:"c";s:3:"web";s:1:"r";a:9:{i:0;i:1;i:1;i:2;i:2;i:4;i:3;i:7;i:4;i:8;i:5;i:10;i:6;i:13;i:7;i:14;i:8;i:16;}}i:14;a:4:{s:1:"a";i:15;s:1:"b";s:12:"create_bills";s:1:"c";s:3:"web";s:1:"r";a:6:{i:0;i:1;i:1;i:4;i:2;i:7;i:3;i:10;i:4;i:13;i:5;i:16;}}i:15;a:4:{s:1:"a";i:16;s:1:"b";s:14:"record_payment";s:1:"c";s:3:"web";s:1:"r";a:6:{i:0;i:1;i:1;i:4;i:2;i:7;i:3;i:10;i:4;i:13;i:5;i:16;}}i:16;a:4:{s:1:"a";i:17;s:1:"b";s:13:"print_receipt";s:1:"c";s:3:"web";s:1:"r";a:6:{i:0;i:1;i:1;i:4;i:2;i:7;i:3;i:10;i:4;i:13;i:5;i:16;}}i:17;a:4:{s:1:"a";i:18;s:1:"b";s:14:"send_reminders";s:1:"c";s:3:"web";s:1:"r";a:6:{i:0;i:1;i:1;i:4;i:2;i:7;i:3;i:10;i:4;i:13;i:5;i:16;}}i:18;a:4:{s:1:"a";i:19;s:1:"b";s:10:"wa.connect";s:1:"c";s:3:"web";s:1:"r";a:5:{i:0;i:1;i:1;i:7;i:2;i:9;i:3;i:13;i:4;i:15;}}}s:5:"roles";a:18:{i:0;a:4:{s:1:"a";i:1;s:1:"j";N;s:1:"b";s:10:"superadmin";s:1:"c";s:3:"web";}i:1;a:4:{s:1:"a";i:2;s:1:"j";N;s:1:"b";s:15:"kepala_madrasah";s:1:"c";s:3:"web";}i:2;a:4:{s:1:"a";i:3;s:1:"j";N;s:1:"b";s:2:"tu";s:1:"c";s:3:"web";}i:3;a:4:{s:1:"a";i:4;s:1:"j";N;s:1:"b";s:9:"bendahara";s:1:"c";s:3:"web";}i:4;a:4:{s:1:"a";i:5;s:1:"j";N;s:1:"b";s:4:"guru";s:1:"c";s:3:"web";}i:5;a:4:{s:1:"a";i:6;s:1:"j";N;s:1:"b";s:4:"wali";s:1:"c";s:3:"web";}i:6;a:4:{s:1:"a";i:7;s:1:"j";i:1;s:1:"b";s:13:"admin_sekolah";s:1:"c";s:3:"web";}i:7;a:4:{s:1:"a";i:8;s:1:"j";i:1;s:1:"b";s:15:"kepala_madrasah";s:1:"c";s:3:"web";}i:8;a:4:{s:1:"a";i:9;s:1:"j";i:1;s:1:"b";s:2:"tu";s:1:"c";s:3:"web";}i:9;a:4:{s:1:"a";i:10;s:1:"j";i:1;s:1:"b";s:9:"bendahara";s:1:"c";s:3:"web";}i:10;a:4:{s:1:"a";i:11;s:1:"j";i:1;s:1:"b";s:4:"guru";s:1:"c";s:3:"web";}i:11;a:4:{s:1:"a";i:12;s:1:"j";i:1;s:1:"b";s:4:"wali";s:1:"c";s:3:"web";}i:12;a:4:{s:1:"a";i:13;s:1:"j";i:2;s:1:"b";s:13:"admin_sekolah";s:1:"c";s:3:"web";}i:13;a:4:{s:1:"a";i:14;s:1:"j";i:2;s:1:"b";s:15:"kepala_madrasah";s:1:"c";s:3:"web";}i:14;a:4:{s:1:"a";i:15;s:1:"j";i:2;s:1:"b";s:2:"tu";s:1:"c";s:3:"web";}i:15;a:4:{s:1:"a";i:16;s:1:"j";i:2;s:1:"b";s:9:"bendahara";s:1:"c";s:3:"web";}i:16;a:4:{s:1:"a";i:17;s:1:"j";i:2;s:1:"b";s:4:"guru";s:1:"c";s:3:"web";}i:17;a:4:{s:1:"a";i:18;s:1:"j";i:2;s:1:"b";s:4:"wali";s:1:"c";s:3:"web";}}}', 1781539527);

-- Dumping structure for table simt_backend.cache_locks
CREATE TABLE IF NOT EXISTS `cache_locks` (
  `key` varchar(255) COLLATE utf8mb4_unicode_ci NOT NULL,
  `owner` varchar(255) COLLATE utf8mb4_unicode_ci NOT NULL,
  `expiration` int(11) NOT NULL,
  PRIMARY KEY (`key`)
) ENGINE=InnoDB DEFAULT CHARSET=utf8mb4 COLLATE=utf8mb4_unicode_ci;

-- Dumping data for table simt_backend.cache_locks: ~0 rows (approximately)
DELETE FROM `cache_locks`;

-- Dumping structure for table simt_backend.class_student
CREATE TABLE IF NOT EXISTS `class_student` (
  `id` bigint(20) unsigned NOT NULL AUTO_INCREMENT,
  `student_id` bigint(20) unsigned NOT NULL,
  `class_id` bigint(20) unsigned NOT NULL,
  `school_year_id` bigint(20) unsigned NOT NULL,
  `created_at` timestamp NULL DEFAULT NULL,
  `updated_at` timestamp NULL DEFAULT NULL,
  PRIMARY KEY (`id`),
  UNIQUE KEY `class_student_student_id_class_id_school_year_id_unique` (`student_id`,`class_id`,`school_year_id`),
  KEY `class_student_class_id_foreign` (`class_id`),
  KEY `class_student_school_year_id_foreign` (`school_year_id`),
  CONSTRAINT `class_student_class_id_foreign` FOREIGN KEY (`class_id`) REFERENCES `school_classes` (`id`) ON DELETE CASCADE,
  CONSTRAINT `class_student_school_year_id_foreign` FOREIGN KEY (`school_year_id`) REFERENCES `school_years` (`id`) ON DELETE CASCADE,
  CONSTRAINT `class_student_student_id_foreign` FOREIGN KEY (`student_id`) REFERENCES `students` (`id`) ON DELETE CASCADE
) ENGINE=InnoDB AUTO_INCREMENT=107 DEFAULT CHARSET=utf8mb4 COLLATE=utf8mb4_unicode_ci;

-- Dumping data for table simt_backend.class_student: ~106 rows (approximately)
DELETE FROM `class_student`;
INSERT INTO `class_student` (`id`, `student_id`, `class_id`, `school_year_id`, `created_at`, `updated_at`) VALUES
	(1, 1, 1, 1, '2026-06-14 09:04:48', '2026-06-14 09:04:48'),
	(2, 2, 2, 1, '2026-06-14 09:04:48', '2026-06-14 09:04:48'),
	(3, 3, 3, 1, '2026-06-14 09:04:48', '2026-06-14 09:04:48'),
	(4, 4, 4, 1, '2026-06-14 09:04:49', '2026-06-14 09:04:49'),
	(5, 5, 1, 1, '2026-06-14 09:04:49', '2026-06-14 09:04:49'),
	(6, 6, 2, 1, '2026-06-14 09:04:49', '2026-06-14 09:04:49'),
	(7, 7, 3, 1, '2026-06-14 09:04:49', '2026-06-14 09:04:49'),
	(8, 8, 4, 1, '2026-06-14 09:04:50', '2026-06-14 09:04:50'),
	(9, 9, 1, 1, '2026-06-14 09:04:50', '2026-06-14 09:04:50'),
	(10, 10, 2, 1, '2026-06-14 09:04:50', '2026-06-14 09:04:50'),
	(11, 11, 3, 1, '2026-06-14 09:04:51', '2026-06-14 09:04:51'),
	(12, 12, 4, 1, '2026-06-14 09:04:51', '2026-06-14 09:04:51'),
	(13, 13, 1, 1, '2026-06-14 09:04:51', '2026-06-14 09:04:51'),
	(14, 14, 2, 1, '2026-06-14 09:04:51', '2026-06-14 09:04:51'),
	(15, 15, 3, 1, '2026-06-14 09:04:52', '2026-06-14 09:04:52'),
	(16, 16, 4, 1, '2026-06-14 09:04:52', '2026-06-14 09:04:52'),
	(17, 17, 1, 1, '2026-06-14 09:04:52', '2026-06-14 09:04:52'),
	(18, 18, 2, 1, '2026-06-14 09:04:53', '2026-06-14 09:04:53'),
	(19, 19, 3, 1, '2026-06-14 09:04:53', '2026-06-14 09:04:53'),
	(20, 20, 4, 1, '2026-06-14 09:04:53', '2026-06-14 09:04:53'),
	(21, 21, 1, 1, '2026-06-14 09:04:53', '2026-06-14 09:04:53'),
	(22, 22, 2, 1, '2026-06-14 09:04:54', '2026-06-14 09:04:54'),
	(23, 23, 3, 1, '2026-06-14 09:04:54', '2026-06-14 09:04:54'),
	(24, 24, 4, 1, '2026-06-14 09:04:54', '2026-06-14 09:04:54'),
	(25, 25, 1, 1, '2026-06-14 09:04:55', '2026-06-14 09:04:55'),
	(26, 26, 2, 1, '2026-06-14 09:04:55', '2026-06-14 09:04:55'),
	(27, 27, 3, 1, '2026-06-14 09:04:55', '2026-06-14 09:04:55'),
	(28, 28, 4, 1, '2026-06-14 09:04:55', '2026-06-14 09:04:55'),
	(29, 29, 1, 1, '2026-06-14 09:04:56', '2026-06-14 09:04:56'),
	(30, 30, 2, 1, '2026-06-14 09:04:56', '2026-06-14 09:04:56'),
	(31, 31, 3, 1, '2026-06-14 09:04:56', '2026-06-14 09:04:56'),
	(32, 32, 4, 1, '2026-06-14 09:04:57', '2026-06-14 09:04:57'),
	(33, 33, 1, 1, '2026-06-14 09:04:57', '2026-06-14 09:04:57'),
	(34, 34, 2, 1, '2026-06-14 09:04:57', '2026-06-14 09:04:57'),
	(35, 35, 3, 1, '2026-06-14 09:04:57', '2026-06-14 09:04:57'),
	(36, 36, 4, 1, '2026-06-14 09:04:58', '2026-06-14 09:04:58'),
	(37, 37, 1, 1, '2026-06-14 09:04:58', '2026-06-14 09:04:58'),
	(38, 38, 2, 1, '2026-06-14 09:04:58', '2026-06-14 09:04:58'),
	(39, 39, 3, 1, '2026-06-14 09:04:59', '2026-06-14 09:04:59'),
	(40, 40, 4, 1, '2026-06-14 09:04:59', '2026-06-14 09:04:59'),
	(41, 41, 1, 1, '2026-06-14 09:04:59', '2026-06-14 09:04:59'),
	(42, 42, 2, 1, '2026-06-14 09:04:59', '2026-06-14 09:04:59'),
	(43, 43, 3, 1, '2026-06-14 09:05:00', '2026-06-14 09:05:00'),
	(44, 44, 4, 1, '2026-06-14 09:05:00', '2026-06-14 09:05:00'),
	(45, 45, 1, 1, '2026-06-14 09:05:00', '2026-06-14 09:05:00'),
	(46, 46, 2, 1, '2026-06-14 09:05:01', '2026-06-14 09:05:01'),
	(47, 47, 3, 1, '2026-06-14 09:05:01', '2026-06-14 09:05:01'),
	(48, 48, 4, 1, '2026-06-14 09:05:01', '2026-06-14 09:05:01'),
	(49, 49, 1, 1, '2026-06-14 09:05:01', '2026-06-14 09:05:01'),
	(50, 50, 2, 1, '2026-06-14 09:05:02', '2026-06-14 09:05:02'),
	(51, 51, 3, 1, '2026-06-14 09:05:02', '2026-06-14 09:05:02'),
	(52, 52, 4, 1, '2026-06-14 09:05:02', '2026-06-14 09:05:02'),
	(53, 53, 1, 1, '2026-06-14 09:05:03', '2026-06-14 09:05:03'),
	(54, 54, 2, 1, '2026-06-14 09:05:03', '2026-06-14 09:05:03'),
	(55, 55, 3, 1, '2026-06-14 09:05:03', '2026-06-14 09:05:03'),
	(56, 56, 4, 1, '2026-06-14 09:05:03', '2026-06-14 09:05:03'),
	(57, 57, 1, 1, '2026-06-14 09:05:04', '2026-06-14 09:05:04'),
	(58, 58, 2, 1, '2026-06-14 09:05:04', '2026-06-14 09:05:04'),
	(59, 59, 3, 1, '2026-06-14 09:05:04', '2026-06-14 09:05:04'),
	(60, 60, 4, 1, '2026-06-14 09:05:05', '2026-06-14 09:05:05'),
	(61, 61, 1, 1, '2026-06-14 09:05:05', '2026-06-14 09:05:05'),
	(62, 62, 2, 1, '2026-06-14 09:05:05', '2026-06-14 09:05:05'),
	(63, 63, 3, 1, '2026-06-14 09:05:05', '2026-06-14 09:05:05'),
	(64, 64, 4, 1, '2026-06-14 09:05:06', '2026-06-14 09:05:06'),
	(65, 65, 1, 1, '2026-06-14 09:05:06', '2026-06-14 09:05:06'),
	(66, 66, 2, 1, '2026-06-14 09:05:06', '2026-06-14 09:05:06'),
	(67, 67, 3, 1, '2026-06-14 09:05:07', '2026-06-14 09:05:07'),
	(68, 68, 4, 1, '2026-06-14 09:05:07', '2026-06-14 09:05:07'),
	(69, 69, 1, 1, '2026-06-14 09:05:07', '2026-06-14 09:05:07'),
	(70, 70, 2, 1, '2026-06-14 09:05:07', '2026-06-14 09:05:07'),
	(71, 71, 3, 1, '2026-06-14 09:05:08', '2026-06-14 09:05:08'),
	(72, 72, 4, 1, '2026-06-14 09:05:08', '2026-06-14 09:05:08'),
	(73, 73, 1, 1, '2026-06-14 09:05:08', '2026-06-14 09:05:08'),
	(74, 74, 2, 1, '2026-06-14 09:05:09', '2026-06-14 09:05:09'),
	(75, 75, 3, 1, '2026-06-14 09:05:09', '2026-06-14 09:05:09'),
	(76, 76, 4, 1, '2026-06-14 09:05:09', '2026-06-14 09:05:09'),
	(77, 77, 1, 1, '2026-06-14 09:05:09', '2026-06-14 09:05:09'),
	(78, 78, 2, 1, '2026-06-14 09:05:10', '2026-06-14 09:05:10'),
	(79, 79, 3, 1, '2026-06-14 09:05:10', '2026-06-14 09:05:10'),
	(80, 80, 4, 1, '2026-06-14 09:05:10', '2026-06-14 09:05:10'),
	(81, 81, 1, 1, '2026-06-14 09:05:11', '2026-06-14 09:05:11'),
	(82, 82, 2, 1, '2026-06-14 09:05:11', '2026-06-14 09:05:11'),
	(83, 83, 3, 1, '2026-06-14 09:05:11', '2026-06-14 09:05:11'),
	(84, 84, 4, 1, '2026-06-14 09:05:11', '2026-06-14 09:05:11'),
	(85, 85, 1, 1, '2026-06-14 09:05:12', '2026-06-14 09:05:12'),
	(86, 86, 2, 1, '2026-06-14 09:05:12', '2026-06-14 09:05:12'),
	(87, 87, 3, 1, '2026-06-14 09:05:12', '2026-06-14 09:05:12'),
	(88, 88, 4, 1, '2026-06-14 09:05:13', '2026-06-14 09:05:13'),
	(89, 89, 1, 1, '2026-06-14 09:05:13', '2026-06-14 09:05:13'),
	(90, 90, 2, 1, '2026-06-14 09:05:13', '2026-06-14 09:05:13'),
	(91, 91, 3, 1, '2026-06-14 09:05:13', '2026-06-14 09:05:13'),
	(92, 92, 4, 1, '2026-06-14 09:05:14', '2026-06-14 09:05:14'),
	(93, 93, 1, 1, '2026-06-14 09:05:14', '2026-06-14 09:05:14'),
	(94, 94, 2, 1, '2026-06-14 09:05:14', '2026-06-14 09:05:14'),
	(95, 95, 3, 1, '2026-06-14 09:05:15', '2026-06-14 09:05:15'),
	(96, 96, 4, 1, '2026-06-14 09:05:15', '2026-06-14 09:05:15'),
	(97, 97, 1, 1, '2026-06-14 09:05:15', '2026-06-14 09:05:15'),
	(98, 98, 2, 1, '2026-06-14 09:05:15', '2026-06-14 09:05:15'),
	(99, 99, 3, 1, '2026-06-14 09:05:16', '2026-06-14 09:05:16'),
	(100, 100, 4, 1, '2026-06-14 09:05:16', '2026-06-14 09:05:16'),
	(101, 101, 5, 2, '2026-06-14 09:05:17', '2026-06-14 09:05:17'),
	(102, 102, 5, 2, '2026-06-14 09:05:17', '2026-06-14 09:05:17'),
	(103, 103, 5, 2, '2026-06-14 09:05:17', '2026-06-14 09:05:17'),
	(104, 104, 5, 2, '2026-06-14 09:05:17', '2026-06-14 09:05:17'),
	(105, 105, 5, 2, '2026-06-14 09:05:17', '2026-06-14 09:05:17'),
	(106, 106, 5, 2, '2026-06-14 09:05:17', '2026-06-14 09:05:17');

-- Dumping structure for table simt_backend.failed_jobs
CREATE TABLE IF NOT EXISTS `failed_jobs` (
  `id` bigint(20) unsigned NOT NULL AUTO_INCREMENT,
  `uuid` varchar(255) COLLATE utf8mb4_unicode_ci NOT NULL,
  `connection` text COLLATE utf8mb4_unicode_ci NOT NULL,
  `queue` text COLLATE utf8mb4_unicode_ci NOT NULL,
  `payload` longtext COLLATE utf8mb4_unicode_ci NOT NULL,
  `exception` longtext COLLATE utf8mb4_unicode_ci NOT NULL,
  `failed_at` timestamp NOT NULL DEFAULT CURRENT_TIMESTAMP,
  PRIMARY KEY (`id`),
  UNIQUE KEY `failed_jobs_uuid_unique` (`uuid`)
) ENGINE=InnoDB DEFAULT CHARSET=utf8mb4 COLLATE=utf8mb4_unicode_ci;

-- Dumping data for table simt_backend.failed_jobs: ~0 rows (approximately)
DELETE FROM `failed_jobs`;

-- Dumping structure for table simt_backend.guardian_student
CREATE TABLE IF NOT EXISTS `guardian_student` (
  `id` bigint(20) unsigned NOT NULL AUTO_INCREMENT,
  `user_id` bigint(20) unsigned NOT NULL,
  `student_id` bigint(20) unsigned NOT NULL,
  `relation` varchar(50) COLLATE utf8mb4_unicode_ci NOT NULL DEFAULT 'ayah',
  `created_at` timestamp NULL DEFAULT NULL,
  `updated_at` timestamp NULL DEFAULT NULL,
  PRIMARY KEY (`id`),
  UNIQUE KEY `guardian_student_user_id_student_id_unique` (`user_id`,`student_id`),
  KEY `guardian_student_student_id_foreign` (`student_id`),
  CONSTRAINT `guardian_student_student_id_foreign` FOREIGN KEY (`student_id`) REFERENCES `students` (`id`) ON DELETE CASCADE,
  CONSTRAINT `guardian_student_user_id_foreign` FOREIGN KEY (`user_id`) REFERENCES `users` (`id`) ON DELETE CASCADE
) ENGINE=InnoDB AUTO_INCREMENT=101 DEFAULT CHARSET=utf8mb4 COLLATE=utf8mb4_unicode_ci;

-- Dumping data for table simt_backend.guardian_student: ~100 rows (approximately)
DELETE FROM `guardian_student`;
INSERT INTO `guardian_student` (`id`, `user_id`, `student_id`, `relation`, `created_at`, `updated_at`) VALUES
	(1, 5, 1, 'ayah', '2026-06-14 09:04:48', '2026-06-14 09:04:48'),
	(2, 6, 2, 'ayah', '2026-06-14 09:04:48', '2026-06-14 09:04:48'),
	(3, 7, 3, 'ayah', '2026-06-14 09:04:49', '2026-06-14 09:04:49'),
	(4, 8, 4, 'ayah', '2026-06-14 09:04:49', '2026-06-14 09:04:49'),
	(5, 9, 5, 'ayah', '2026-06-14 09:04:49', '2026-06-14 09:04:49'),
	(6, 10, 6, 'ayah', '2026-06-14 09:04:49', '2026-06-14 09:04:49'),
	(7, 11, 7, 'ayah', '2026-06-14 09:04:50', '2026-06-14 09:04:50'),
	(8, 12, 8, 'ayah', '2026-06-14 09:04:50', '2026-06-14 09:04:50'),
	(9, 13, 9, 'ayah', '2026-06-14 09:04:50', '2026-06-14 09:04:50'),
	(10, 14, 10, 'ayah', '2026-06-14 09:04:51', '2026-06-14 09:04:51'),
	(11, 15, 11, 'ayah', '2026-06-14 09:04:51', '2026-06-14 09:04:51'),
	(12, 16, 12, 'ayah', '2026-06-14 09:04:51', '2026-06-14 09:04:51'),
	(13, 17, 13, 'ayah', '2026-06-14 09:04:51', '2026-06-14 09:04:51'),
	(14, 18, 14, 'ayah', '2026-06-14 09:04:52', '2026-06-14 09:04:52'),
	(15, 19, 15, 'ayah', '2026-06-14 09:04:52', '2026-06-14 09:04:52'),
	(16, 20, 16, 'ayah', '2026-06-14 09:04:52', '2026-06-14 09:04:52'),
	(17, 21, 17, 'ayah', '2026-06-14 09:04:53', '2026-06-14 09:04:53'),
	(18, 22, 18, 'ayah', '2026-06-14 09:04:53', '2026-06-14 09:04:53'),
	(19, 23, 19, 'ayah', '2026-06-14 09:04:53', '2026-06-14 09:04:53'),
	(20, 24, 20, 'ayah', '2026-06-14 09:04:53', '2026-06-14 09:04:53'),
	(21, 25, 21, 'ayah', '2026-06-14 09:04:54', '2026-06-14 09:04:54'),
	(22, 26, 22, 'ayah', '2026-06-14 09:04:54', '2026-06-14 09:04:54'),
	(23, 27, 23, 'ayah', '2026-06-14 09:04:54', '2026-06-14 09:04:54'),
	(24, 28, 24, 'ayah', '2026-06-14 09:04:55', '2026-06-14 09:04:55'),
	(25, 29, 25, 'ayah', '2026-06-14 09:04:55', '2026-06-14 09:04:55'),
	(26, 30, 26, 'ayah', '2026-06-14 09:04:55', '2026-06-14 09:04:55'),
	(27, 31, 27, 'ayah', '2026-06-14 09:04:55', '2026-06-14 09:04:55'),
	(28, 32, 28, 'ayah', '2026-06-14 09:04:56', '2026-06-14 09:04:56'),
	(29, 33, 29, 'ayah', '2026-06-14 09:04:56', '2026-06-14 09:04:56'),
	(30, 34, 30, 'ayah', '2026-06-14 09:04:56', '2026-06-14 09:04:56'),
	(31, 35, 31, 'ayah', '2026-06-14 09:04:57', '2026-06-14 09:04:57'),
	(32, 36, 32, 'ayah', '2026-06-14 09:04:57', '2026-06-14 09:04:57'),
	(33, 37, 33, 'ayah', '2026-06-14 09:04:57', '2026-06-14 09:04:57'),
	(34, 38, 34, 'ayah', '2026-06-14 09:04:57', '2026-06-14 09:04:57'),
	(35, 39, 35, 'ayah', '2026-06-14 09:04:58', '2026-06-14 09:04:58'),
	(36, 40, 36, 'ayah', '2026-06-14 09:04:58', '2026-06-14 09:04:58'),
	(37, 41, 37, 'ayah', '2026-06-14 09:04:58', '2026-06-14 09:04:58'),
	(38, 42, 38, 'ayah', '2026-06-14 09:04:59', '2026-06-14 09:04:59'),
	(39, 43, 39, 'ayah', '2026-06-14 09:04:59', '2026-06-14 09:04:59'),
	(40, 44, 40, 'ayah', '2026-06-14 09:04:59', '2026-06-14 09:04:59'),
	(41, 45, 41, 'ayah', '2026-06-14 09:04:59', '2026-06-14 09:04:59'),
	(42, 46, 42, 'ayah', '2026-06-14 09:05:00', '2026-06-14 09:05:00'),
	(43, 47, 43, 'ayah', '2026-06-14 09:05:00', '2026-06-14 09:05:00'),
	(44, 48, 44, 'ayah', '2026-06-14 09:05:00', '2026-06-14 09:05:00'),
	(45, 49, 45, 'ayah', '2026-06-14 09:05:01', '2026-06-14 09:05:01'),
	(46, 50, 46, 'ayah', '2026-06-14 09:05:01', '2026-06-14 09:05:01'),
	(47, 51, 47, 'ayah', '2026-06-14 09:05:01', '2026-06-14 09:05:01'),
	(48, 52, 48, 'ayah', '2026-06-14 09:05:01', '2026-06-14 09:05:01'),
	(49, 53, 49, 'ayah', '2026-06-14 09:05:02', '2026-06-14 09:05:02'),
	(50, 54, 50, 'ayah', '2026-06-14 09:05:02', '2026-06-14 09:05:02'),
	(51, 55, 51, 'ayah', '2026-06-14 09:05:02', '2026-06-14 09:05:02'),
	(52, 56, 52, 'ayah', '2026-06-14 09:05:03', '2026-06-14 09:05:03'),
	(53, 57, 53, 'ayah', '2026-06-14 09:05:03', '2026-06-14 09:05:03'),
	(54, 58, 54, 'ayah', '2026-06-14 09:05:03', '2026-06-14 09:05:03'),
	(55, 59, 55, 'ayah', '2026-06-14 09:05:03', '2026-06-14 09:05:03'),
	(56, 60, 56, 'ayah', '2026-06-14 09:05:04', '2026-06-14 09:05:04'),
	(57, 61, 57, 'ayah', '2026-06-14 09:05:04', '2026-06-14 09:05:04'),
	(58, 62, 58, 'ayah', '2026-06-14 09:05:04', '2026-06-14 09:05:04'),
	(59, 63, 59, 'ayah', '2026-06-14 09:05:05', '2026-06-14 09:05:05'),
	(60, 64, 60, 'ayah', '2026-06-14 09:05:05', '2026-06-14 09:05:05'),
	(61, 65, 61, 'ayah', '2026-06-14 09:05:05', '2026-06-14 09:05:05'),
	(62, 66, 62, 'ayah', '2026-06-14 09:05:05', '2026-06-14 09:05:05'),
	(63, 67, 63, 'ayah', '2026-06-14 09:05:06', '2026-06-14 09:05:06'),
	(64, 68, 64, 'ayah', '2026-06-14 09:05:06', '2026-06-14 09:05:06'),
	(65, 69, 65, 'ayah', '2026-06-14 09:05:06', '2026-06-14 09:05:06'),
	(66, 70, 66, 'ayah', '2026-06-14 09:05:07', '2026-06-14 09:05:07'),
	(67, 71, 67, 'ayah', '2026-06-14 09:05:07', '2026-06-14 09:05:07'),
	(68, 72, 68, 'ayah', '2026-06-14 09:05:07', '2026-06-14 09:05:07'),
	(69, 73, 69, 'ayah', '2026-06-14 09:05:07', '2026-06-14 09:05:07'),
	(70, 74, 70, 'ayah', '2026-06-14 09:05:08', '2026-06-14 09:05:08'),
	(71, 75, 71, 'ayah', '2026-06-14 09:05:08', '2026-06-14 09:05:08'),
	(72, 76, 72, 'ayah', '2026-06-14 09:05:08', '2026-06-14 09:05:08'),
	(73, 77, 73, 'ayah', '2026-06-14 09:05:09', '2026-06-14 09:05:09'),
	(74, 78, 74, 'ayah', '2026-06-14 09:05:09', '2026-06-14 09:05:09'),
	(75, 79, 75, 'ayah', '2026-06-14 09:05:09', '2026-06-14 09:05:09'),
	(76, 80, 76, 'ayah', '2026-06-14 09:05:09', '2026-06-14 09:05:09'),
	(77, 81, 77, 'ayah', '2026-06-14 09:05:10', '2026-06-14 09:05:10'),
	(78, 82, 78, 'ayah', '2026-06-14 09:05:10', '2026-06-14 09:05:10'),
	(79, 83, 79, 'ayah', '2026-06-14 09:05:10', '2026-06-14 09:05:10'),
	(80, 84, 80, 'ayah', '2026-06-14 09:05:11', '2026-06-14 09:05:11'),
	(81, 85, 81, 'ayah', '2026-06-14 09:05:11', '2026-06-14 09:05:11'),
	(82, 86, 82, 'ayah', '2026-06-14 09:05:11', '2026-06-14 09:05:11'),
	(83, 87, 83, 'ayah', '2026-06-14 09:05:11', '2026-06-14 09:05:11'),
	(84, 88, 84, 'ayah', '2026-06-14 09:05:12', '2026-06-14 09:05:12'),
	(85, 89, 85, 'ayah', '2026-06-14 09:05:12', '2026-06-14 09:05:12'),
	(86, 90, 86, 'ayah', '2026-06-14 09:05:12', '2026-06-14 09:05:12'),
	(87, 91, 87, 'ayah', '2026-06-14 09:05:13', '2026-06-14 09:05:13'),
	(88, 92, 88, 'ayah', '2026-06-14 09:05:13', '2026-06-14 09:05:13'),
	(89, 93, 89, 'ayah', '2026-06-14 09:05:13', '2026-06-14 09:05:13'),
	(90, 94, 90, 'ayah', '2026-06-14 09:05:13', '2026-06-14 09:05:13'),
	(91, 95, 91, 'ayah', '2026-06-14 09:05:14', '2026-06-14 09:05:14'),
	(92, 96, 92, 'ayah', '2026-06-14 09:05:14', '2026-06-14 09:05:14'),
	(93, 97, 93, 'ayah', '2026-06-14 09:05:14', '2026-06-14 09:05:14'),
	(94, 98, 94, 'ayah', '2026-06-14 09:05:15', '2026-06-14 09:05:15'),
	(95, 99, 95, 'ayah', '2026-06-14 09:05:15', '2026-06-14 09:05:15'),
	(96, 100, 96, 'ayah', '2026-06-14 09:05:15', '2026-06-14 09:05:15'),
	(97, 101, 97, 'ayah', '2026-06-14 09:05:15', '2026-06-14 09:05:15'),
	(98, 102, 98, 'ayah', '2026-06-14 09:05:16', '2026-06-14 09:05:16'),
	(99, 103, 99, 'ayah', '2026-06-14 09:05:16', '2026-06-14 09:05:16'),
	(100, 104, 100, 'ayah', '2026-06-14 09:05:16', '2026-06-14 09:05:16');

-- Dumping structure for table simt_backend.invoices
CREATE TABLE IF NOT EXISTS `invoices` (
  `id` bigint(20) unsigned NOT NULL AUTO_INCREMENT,
  `tenant_id` bigint(20) unsigned NOT NULL,
  `period` varchar(20) COLLATE utf8mb4_unicode_ci NOT NULL,
  `amount` decimal(12,2) NOT NULL,
  `status` enum('unpaid','paid','overdue','cancelled') COLLATE utf8mb4_unicode_ci NOT NULL DEFAULT 'unpaid',
  `paid_at` timestamp NULL DEFAULT NULL,
  `payment_method` varchar(50) COLLATE utf8mb4_unicode_ci DEFAULT NULL,
  `created_at` timestamp NULL DEFAULT NULL,
  `updated_at` timestamp NULL DEFAULT NULL,
  PRIMARY KEY (`id`),
  KEY `invoices_tenant_id_foreign` (`tenant_id`),
  CONSTRAINT `invoices_tenant_id_foreign` FOREIGN KEY (`tenant_id`) REFERENCES `tenants` (`id`) ON DELETE CASCADE
) ENGINE=InnoDB DEFAULT CHARSET=utf8mb4 COLLATE=utf8mb4_unicode_ci;

-- Dumping data for table simt_backend.invoices: ~0 rows (approximately)
DELETE FROM `invoices`;

-- Dumping structure for table simt_backend.jobs
CREATE TABLE IF NOT EXISTS `jobs` (
  `id` bigint(20) unsigned NOT NULL AUTO_INCREMENT,
  `queue` varchar(255) COLLATE utf8mb4_unicode_ci NOT NULL,
  `payload` longtext COLLATE utf8mb4_unicode_ci NOT NULL,
  `attempts` tinyint(3) unsigned NOT NULL,
  `reserved_at` int(10) unsigned DEFAULT NULL,
  `available_at` int(10) unsigned NOT NULL,
  `created_at` int(10) unsigned NOT NULL,
  PRIMARY KEY (`id`),
  KEY `jobs_queue_index` (`queue`)
) ENGINE=InnoDB AUTO_INCREMENT=2 DEFAULT CHARSET=utf8mb4 COLLATE=utf8mb4_unicode_ci;

-- Dumping data for table simt_backend.jobs: ~0 rows (approximately)
DELETE FROM `jobs`;
INSERT INTO `jobs` (`id`, `queue`, `payload`, `attempts`, `reserved_at`, `available_at`, `created_at`) VALUES
	(1, 'wa', '{"uuid":"213b3c3b-c62f-4e97-96fe-56cf4e4b31c0","displayName":"App\\\\Jobs\\\\SendWaNotification","job":"Illuminate\\\\Queue\\\\CallQueuedHandler@call","maxTries":3,"maxExceptions":null,"failOnTimeout":false,"backoff":"30,120,300","timeout":null,"retryUntil":null,"data":{"commandName":"App\\\\Jobs\\\\SendWaNotification","command":"O:27:\\"App\\\\Jobs\\\\SendWaNotification\\":5:{s:8:\\"tenantId\\";i:1;s:7:\\"toPhone\\";s:12:\\"628520000100\\";s:4:\\"type\\";s:13:\\"bill_reminder\\";s:7:\\"payload\\";a:4:{s:12:\\"student_name\\";s:17:\\"Lestari Wulandari\\";s:9:\\"component\\";s:3:\\"SPP\\";s:6:\\"period\\";s:7:\\"2026-06\\";s:6:\\"amount\\";d:150000;}s:5:\\"queue\\";s:2:\\"wa\\";}"}}', 0, NULL, 1781453151, 1781453151);

-- Dumping structure for table simt_backend.job_batches
CREATE TABLE IF NOT EXISTS `job_batches` (
  `id` varchar(255) COLLATE utf8mb4_unicode_ci NOT NULL,
  `name` varchar(255) COLLATE utf8mb4_unicode_ci NOT NULL,
  `total_jobs` int(11) NOT NULL,
  `pending_jobs` int(11) NOT NULL,
  `failed_jobs` int(11) NOT NULL,
  `failed_job_ids` longtext COLLATE utf8mb4_unicode_ci NOT NULL,
  `options` mediumtext COLLATE utf8mb4_unicode_ci,
  `cancelled_at` int(11) DEFAULT NULL,
  `created_at` int(11) NOT NULL,
  `finished_at` int(11) DEFAULT NULL,
  PRIMARY KEY (`id`)
) ENGINE=InnoDB DEFAULT CHARSET=utf8mb4 COLLATE=utf8mb4_unicode_ci;

-- Dumping data for table simt_backend.job_batches: ~0 rows (approximately)
DELETE FROM `job_batches`;

-- Dumping structure for table simt_backend.migrations
CREATE TABLE IF NOT EXISTS `migrations` (
  `id` int(10) unsigned NOT NULL AUTO_INCREMENT,
  `migration` varchar(255) COLLATE utf8mb4_unicode_ci NOT NULL,
  `batch` int(11) NOT NULL,
  PRIMARY KEY (`id`)
) ENGINE=InnoDB AUTO_INCREMENT=12 DEFAULT CHARSET=utf8mb4 COLLATE=utf8mb4_unicode_ci;

-- Dumping data for table simt_backend.migrations: ~11 rows (approximately)
DELETE FROM `migrations`;
INSERT INTO `migrations` (`id`, `migration`, `batch`) VALUES
	(1, '0001_01_01_000001_create_cache_table', 1),
	(2, '0001_01_01_000002_create_jobs_table', 1),
	(3, '0001_01_01_000003_create_permission_tables', 1),
	(4, '0001_01_01_000010_create_tenants_table', 1),
	(5, '0001_01_01_000011_create_users_table', 1),
	(6, '0001_01_01_000012_create_school_years_and_classes_table', 1),
	(7, '0001_01_01_000013_create_students_and_pivots_table', 1),
	(8, '0001_01_01_000014_create_attendances_table', 1),
	(9, '0001_01_01_000015_create_bills_and_payments_table', 1),
	(10, '0001_01_01_000016_create_wa_notifications_table', 1),
	(11, '2024_01_01_000000_create_personal_access_tokens_table', 1);

-- Dumping structure for table simt_backend.model_has_permissions
CREATE TABLE IF NOT EXISTS `model_has_permissions` (
  `permission_id` bigint(20) unsigned NOT NULL,
  `model_type` varchar(255) COLLATE utf8mb4_unicode_ci NOT NULL,
  `model_id` bigint(20) unsigned NOT NULL,
  `team_id` bigint(20) unsigned NOT NULL,
  PRIMARY KEY (`team_id`,`permission_id`,`model_id`,`model_type`),
  KEY `model_has_permissions_model_id_model_type_index` (`model_id`,`model_type`),
  KEY `model_has_permissions_permission_id_foreign` (`permission_id`),
  KEY `model_has_permissions_team_foreign_key_index` (`team_id`),
  CONSTRAINT `model_has_permissions_permission_id_foreign` FOREIGN KEY (`permission_id`) REFERENCES `permissions` (`id`) ON DELETE CASCADE
) ENGINE=InnoDB DEFAULT CHARSET=utf8mb4 COLLATE=utf8mb4_unicode_ci;

-- Dumping data for table simt_backend.model_has_permissions: ~0 rows (approximately)
DELETE FROM `model_has_permissions`;

-- Dumping structure for table simt_backend.model_has_roles
CREATE TABLE IF NOT EXISTS `model_has_roles` (
  `role_id` bigint(20) unsigned NOT NULL,
  `model_type` varchar(255) COLLATE utf8mb4_unicode_ci NOT NULL,
  `model_id` bigint(20) unsigned NOT NULL,
  `team_id` bigint(20) unsigned NOT NULL,
  PRIMARY KEY (`team_id`,`role_id`,`model_id`,`model_type`),
  KEY `model_has_roles_model_id_model_type_index` (`model_id`,`model_type`),
  KEY `model_has_roles_role_id_foreign` (`role_id`),
  KEY `model_has_roles_team_foreign_key_index` (`team_id`),
  CONSTRAINT `model_has_roles_role_id_foreign` FOREIGN KEY (`role_id`) REFERENCES `roles` (`id`) ON DELETE CASCADE
) ENGINE=InnoDB DEFAULT CHARSET=utf8mb4 COLLATE=utf8mb4_unicode_ci;

-- Dumping data for table simt_backend.model_has_roles: ~105 rows (approximately)
DELETE FROM `model_has_roles`;
INSERT INTO `model_has_roles` (`role_id`, `model_type`, `model_id`, `team_id`) VALUES
	(1, 'App\\Models\\User', 1, 0),
	(7, 'App\\Models\\User', 2, 1),
	(9, 'App\\Models\\User', 4, 1),
	(11, 'App\\Models\\User', 3, 1),
	(12, 'App\\Models\\User', 5, 1),
	(12, 'App\\Models\\User', 6, 1),
	(12, 'App\\Models\\User', 7, 1),
	(12, 'App\\Models\\User', 8, 1),
	(12, 'App\\Models\\User', 9, 1),
	(12, 'App\\Models\\User', 10, 1),
	(12, 'App\\Models\\User', 11, 1),
	(12, 'App\\Models\\User', 12, 1),
	(12, 'App\\Models\\User', 13, 1),
	(12, 'App\\Models\\User', 14, 1),
	(12, 'App\\Models\\User', 15, 1),
	(12, 'App\\Models\\User', 16, 1),
	(12, 'App\\Models\\User', 17, 1),
	(12, 'App\\Models\\User', 18, 1),
	(12, 'App\\Models\\User', 19, 1),
	(12, 'App\\Models\\User', 20, 1),
	(12, 'App\\Models\\User', 21, 1),
	(12, 'App\\Models\\User', 22, 1),
	(12, 'App\\Models\\User', 23, 1),
	(12, 'App\\Models\\User', 24, 1),
	(12, 'App\\Models\\User', 25, 1),
	(12, 'App\\Models\\User', 26, 1),
	(12, 'App\\Models\\User', 27, 1),
	(12, 'App\\Models\\User', 28, 1),
	(12, 'App\\Models\\User', 29, 1),
	(12, 'App\\Models\\User', 30, 1),
	(12, 'App\\Models\\User', 31, 1),
	(12, 'App\\Models\\User', 32, 1),
	(12, 'App\\Models\\User', 33, 1),
	(12, 'App\\Models\\User', 34, 1),
	(12, 'App\\Models\\User', 35, 1),
	(12, 'App\\Models\\User', 36, 1),
	(12, 'App\\Models\\User', 37, 1),
	(12, 'App\\Models\\User', 38, 1),
	(12, 'App\\Models\\User', 39, 1),
	(12, 'App\\Models\\User', 40, 1),
	(12, 'App\\Models\\User', 41, 1),
	(12, 'App\\Models\\User', 42, 1),
	(12, 'App\\Models\\User', 43, 1),
	(12, 'App\\Models\\User', 44, 1),
	(12, 'App\\Models\\User', 45, 1),
	(12, 'App\\Models\\User', 46, 1),
	(12, 'App\\Models\\User', 47, 1),
	(12, 'App\\Models\\User', 48, 1),
	(12, 'App\\Models\\User', 49, 1),
	(12, 'App\\Models\\User', 50, 1),
	(12, 'App\\Models\\User', 51, 1),
	(12, 'App\\Models\\User', 52, 1),
	(12, 'App\\Models\\User', 53, 1),
	(12, 'App\\Models\\User', 54, 1),
	(12, 'App\\Models\\User', 55, 1),
	(12, 'App\\Models\\User', 56, 1),
	(12, 'App\\Models\\User', 57, 1),
	(12, 'App\\Models\\User', 58, 1),
	(12, 'App\\Models\\User', 59, 1),
	(12, 'App\\Models\\User', 60, 1),
	(12, 'App\\Models\\User', 61, 1),
	(12, 'App\\Models\\User', 62, 1),
	(12, 'App\\Models\\User', 63, 1),
	(12, 'App\\Models\\User', 64, 1),
	(12, 'App\\Models\\User', 65, 1),
	(12, 'App\\Models\\User', 66, 1),
	(12, 'App\\Models\\User', 67, 1),
	(12, 'App\\Models\\User', 68, 1),
	(12, 'App\\Models\\User', 69, 1),
	(12, 'App\\Models\\User', 70, 1),
	(12, 'App\\Models\\User', 71, 1),
	(12, 'App\\Models\\User', 72, 1),
	(12, 'App\\Models\\User', 73, 1),
	(12, 'App\\Models\\User', 74, 1),
	(12, 'App\\Models\\User', 75, 1),
	(12, 'App\\Models\\User', 76, 1),
	(12, 'App\\Models\\User', 77, 1),
	(12, 'App\\Models\\User', 78, 1),
	(12, 'App\\Models\\User', 79, 1),
	(12, 'App\\Models\\User', 80, 1),
	(12, 'App\\Models\\User', 81, 1),
	(12, 'App\\Models\\User', 82, 1),
	(12, 'App\\Models\\User', 83, 1),
	(12, 'App\\Models\\User', 84, 1),
	(12, 'App\\Models\\User', 85, 1),
	(12, 'App\\Models\\User', 86, 1),
	(12, 'App\\Models\\User', 87, 1),
	(12, 'App\\Models\\User', 88, 1),
	(12, 'App\\Models\\User', 89, 1),
	(12, 'App\\Models\\User', 90, 1),
	(12, 'App\\Models\\User', 91, 1),
	(12, 'App\\Models\\User', 92, 1),
	(12, 'App\\Models\\User', 93, 1),
	(12, 'App\\Models\\User', 94, 1),
	(12, 'App\\Models\\User', 95, 1),
	(12, 'App\\Models\\User', 96, 1),
	(12, 'App\\Models\\User', 97, 1),
	(12, 'App\\Models\\User', 98, 1),
	(12, 'App\\Models\\User', 99, 1),
	(12, 'App\\Models\\User', 100, 1),
	(12, 'App\\Models\\User', 101, 1),
	(12, 'App\\Models\\User', 102, 1),
	(12, 'App\\Models\\User', 103, 1),
	(12, 'App\\Models\\User', 104, 1),
	(17, 'App\\Models\\User', 105, 2);

-- Dumping structure for table simt_backend.password_reset_tokens
CREATE TABLE IF NOT EXISTS `password_reset_tokens` (
  `email` varchar(255) COLLATE utf8mb4_unicode_ci NOT NULL,
  `token` varchar(255) COLLATE utf8mb4_unicode_ci NOT NULL,
  `created_at` timestamp NULL DEFAULT NULL,
  PRIMARY KEY (`email`)
) ENGINE=InnoDB DEFAULT CHARSET=utf8mb4 COLLATE=utf8mb4_unicode_ci;

-- Dumping data for table simt_backend.password_reset_tokens: ~0 rows (approximately)
DELETE FROM `password_reset_tokens`;

-- Dumping structure for table simt_backend.payments
CREATE TABLE IF NOT EXISTS `payments` (
  `id` bigint(20) unsigned NOT NULL AUTO_INCREMENT,
  `tenant_id` bigint(20) unsigned NOT NULL,
  `bill_id` bigint(20) unsigned NOT NULL,
  `student_id` bigint(20) unsigned NOT NULL,
  `amount` decimal(12,2) NOT NULL,
  `payment_date` date NOT NULL,
  `method` varchar(50) COLLATE utf8mb4_unicode_ci NOT NULL DEFAULT 'cash',
  `reference` varchar(100) COLLATE utf8mb4_unicode_ci DEFAULT NULL,
  `receipt_no` varchar(100) COLLATE utf8mb4_unicode_ci NOT NULL,
  `recorded_by` bigint(20) unsigned DEFAULT NULL,
  `notes` text COLLATE utf8mb4_unicode_ci,
  `created_at` timestamp NULL DEFAULT NULL,
  `updated_at` timestamp NULL DEFAULT NULL,
  PRIMARY KEY (`id`),
  UNIQUE KEY `payments_receipt_no_unique` (`receipt_no`),
  KEY `payments_bill_id_foreign` (`bill_id`),
  KEY `payments_student_id_foreign` (`student_id`),
  KEY `payments_recorded_by_foreign` (`recorded_by`),
  KEY `payments_tenant_id_student_id_index` (`tenant_id`,`student_id`),
  KEY `payments_tenant_id_receipt_no_index` (`tenant_id`,`receipt_no`),
  CONSTRAINT `payments_bill_id_foreign` FOREIGN KEY (`bill_id`) REFERENCES `bills` (`id`) ON DELETE CASCADE,
  CONSTRAINT `payments_recorded_by_foreign` FOREIGN KEY (`recorded_by`) REFERENCES `users` (`id`) ON DELETE SET NULL,
  CONSTRAINT `payments_student_id_foreign` FOREIGN KEY (`student_id`) REFERENCES `students` (`id`) ON DELETE CASCADE,
  CONSTRAINT `payments_tenant_id_foreign` FOREIGN KEY (`tenant_id`) REFERENCES `tenants` (`id`) ON DELETE CASCADE
) ENGINE=InnoDB DEFAULT CHARSET=utf8mb4 COLLATE=utf8mb4_unicode_ci;

-- Dumping data for table simt_backend.payments: ~0 rows (approximately)
DELETE FROM `payments`;

-- Dumping structure for table simt_backend.permissions
CREATE TABLE IF NOT EXISTS `permissions` (
  `id` bigint(20) unsigned NOT NULL AUTO_INCREMENT,
  `name` varchar(255) COLLATE utf8mb4_unicode_ci NOT NULL,
  `guard_name` varchar(255) COLLATE utf8mb4_unicode_ci NOT NULL,
  `created_at` timestamp NULL DEFAULT NULL,
  `updated_at` timestamp NULL DEFAULT NULL,
  PRIMARY KEY (`id`),
  UNIQUE KEY `permissions_name_guard_name_unique` (`name`,`guard_name`)
) ENGINE=InnoDB AUTO_INCREMENT=20 DEFAULT CHARSET=utf8mb4 COLLATE=utf8mb4_unicode_ci;

-- Dumping data for table simt_backend.permissions: ~19 rows (approximately)
DELETE FROM `permissions`;
INSERT INTO `permissions` (`id`, `name`, `guard_name`, `created_at`, `updated_at`) VALUES
	(1, 'view_dashboard', 'web', '2026-06-14 09:04:46', '2026-06-14 09:04:46'),
	(2, 'manage_users', 'web', '2026-06-14 09:04:46', '2026-06-14 09:04:46'),
	(3, 'manage_roles', 'web', '2026-06-14 09:04:46', '2026-06-14 09:04:46'),
	(4, 'manage_tenants', 'web', '2026-06-14 09:04:46', '2026-06-14 09:04:46'),
	(5, 'view_students', 'web', '2026-06-14 09:04:46', '2026-06-14 09:04:46'),
	(6, 'create_students', 'web', '2026-06-14 09:04:46', '2026-06-14 09:04:46'),
	(7, 'edit_students', 'web', '2026-06-14 09:04:46', '2026-06-14 09:04:46'),
	(8, 'delete_students', 'web', '2026-06-14 09:04:46', '2026-06-14 09:04:46'),
	(9, 'import_students', 'web', '2026-06-14 09:04:46', '2026-06-14 09:04:46'),
	(10, 'view_attendance', 'web', '2026-06-14 09:04:46', '2026-06-14 09:04:46'),
	(11, 'mark_attendance', 'web', '2026-06-14 09:04:46', '2026-06-14 09:04:46'),
	(12, 'edit_attendance', 'web', '2026-06-14 09:04:46', '2026-06-14 09:04:46'),
	(13, 'view_attendance_rekap', 'web', '2026-06-14 09:04:46', '2026-06-14 09:04:46'),
	(14, 'view_bills', 'web', '2026-06-14 09:04:46', '2026-06-14 09:04:46'),
	(15, 'create_bills', 'web', '2026-06-14 09:04:46', '2026-06-14 09:04:46'),
	(16, 'record_payment', 'web', '2026-06-14 09:04:46', '2026-06-14 09:04:46'),
	(17, 'print_receipt', 'web', '2026-06-14 09:04:46', '2026-06-14 09:04:46'),
	(18, 'send_reminders', 'web', '2026-06-14 09:04:46', '2026-06-14 09:04:46'),
	(19, 'wa.connect', 'web', '2026-06-14 09:04:46', '2026-06-14 09:04:46');

-- Dumping structure for table simt_backend.personal_access_tokens
CREATE TABLE IF NOT EXISTS `personal_access_tokens` (
  `id` bigint(20) unsigned NOT NULL AUTO_INCREMENT,
  `tokenable_type` varchar(255) COLLATE utf8mb4_unicode_ci NOT NULL,
  `tokenable_id` bigint(20) unsigned NOT NULL,
  `name` varchar(255) COLLATE utf8mb4_unicode_ci NOT NULL,
  `token` varchar(64) COLLATE utf8mb4_unicode_ci NOT NULL,
  `abilities` text COLLATE utf8mb4_unicode_ci,
  `last_used_at` timestamp NULL DEFAULT NULL,
  `expires_at` timestamp NULL DEFAULT NULL,
  `created_at` timestamp NULL DEFAULT NULL,
  `updated_at` timestamp NULL DEFAULT NULL,
  PRIMARY KEY (`id`),
  UNIQUE KEY `personal_access_tokens_token_unique` (`token`),
  KEY `personal_access_tokens_tokenable_type_tokenable_id_index` (`tokenable_type`,`tokenable_id`)
) ENGINE=InnoDB DEFAULT CHARSET=utf8mb4 COLLATE=utf8mb4_unicode_ci;

-- Dumping data for table simt_backend.personal_access_tokens: ~2 rows (approximately)
DELETE FROM `personal_access_tokens`;

-- Dumping structure for table simt_backend.roles
CREATE TABLE IF NOT EXISTS `roles` (
  `id` bigint(20) unsigned NOT NULL AUTO_INCREMENT,
  `team_id` bigint(20) unsigned DEFAULT NULL,
  `name` varchar(255) COLLATE utf8mb4_unicode_ci NOT NULL,
  `guard_name` varchar(255) COLLATE utf8mb4_unicode_ci NOT NULL,
  `created_at` timestamp NULL DEFAULT NULL,
  `updated_at` timestamp NULL DEFAULT NULL,
  PRIMARY KEY (`id`),
  UNIQUE KEY `roles_team_id_name_guard_name_unique` (`team_id`,`name`,`guard_name`),
  KEY `roles_team_foreign_key_index` (`team_id`)
) ENGINE=InnoDB AUTO_INCREMENT=19 DEFAULT CHARSET=utf8mb4 COLLATE=utf8mb4_unicode_ci;

-- Dumping data for table simt_backend.roles: ~18 rows (approximately)
DELETE FROM `roles`;
INSERT INTO `roles` (`id`, `team_id`, `name`, `guard_name`, `created_at`, `updated_at`) VALUES
	(1, NULL, 'superadmin', 'web', '2026-06-14 09:04:46', '2026-06-14 09:04:46'),
	(2, NULL, 'kepala_madrasah', 'web', '2026-06-14 09:04:46', '2026-06-14 09:04:46'),
	(3, NULL, 'tu', 'web', '2026-06-14 09:04:46', '2026-06-14 09:04:46'),
	(4, NULL, 'bendahara', 'web', '2026-06-14 09:04:46', '2026-06-14 09:04:46'),
	(5, NULL, 'guru', 'web', '2026-06-14 09:04:46', '2026-06-14 09:04:46'),
	(6, NULL, 'wali', 'web', '2026-06-14 09:04:46', '2026-06-14 09:04:46'),
	(7, 1, 'admin_sekolah', 'web', '2026-06-14 09:04:47', '2026-06-14 09:04:47'),
	(8, 1, 'kepala_madrasah', 'web', '2026-06-14 09:04:47', '2026-06-14 09:04:47'),
	(9, 1, 'tu', 'web', '2026-06-14 09:04:47', '2026-06-14 09:04:47'),
	(10, 1, 'bendahara', 'web', '2026-06-14 09:04:47', '2026-06-14 09:04:47'),
	(11, 1, 'guru', 'web', '2026-06-14 09:04:47', '2026-06-14 09:04:47'),
	(12, 1, 'wali', 'web', '2026-06-14 09:04:47', '2026-06-14 09:04:47'),
	(13, 2, 'admin_sekolah', 'web', '2026-06-14 09:05:16', '2026-06-14 09:05:16'),
	(14, 2, 'kepala_madrasah', 'web', '2026-06-14 09:05:16', '2026-06-14 09:05:16'),
	(15, 2, 'tu', 'web', '2026-06-14 09:05:16', '2026-06-14 09:05:16'),
	(16, 2, 'bendahara', 'web', '2026-06-14 09:05:16', '2026-06-14 09:05:16'),
	(17, 2, 'guru', 'web', '2026-06-14 09:05:16', '2026-06-14 09:05:16'),
	(18, 2, 'wali', 'web', '2026-06-14 09:05:16', '2026-06-14 09:05:16');

-- Dumping structure for table simt_backend.role_has_permissions
CREATE TABLE IF NOT EXISTS `role_has_permissions` (
  `permission_id` bigint(20) unsigned NOT NULL,
  `role_id` bigint(20) unsigned NOT NULL,
  PRIMARY KEY (`permission_id`,`role_id`),
  KEY `role_has_permissions_role_id_foreign` (`role_id`),
  CONSTRAINT `role_has_permissions_permission_id_foreign` FOREIGN KEY (`permission_id`) REFERENCES `permissions` (`id`) ON DELETE CASCADE,
  CONSTRAINT `role_has_permissions_role_id_foreign` FOREIGN KEY (`role_id`) REFERENCES `roles` (`id`) ON DELETE CASCADE
) ENGINE=InnoDB DEFAULT CHARSET=utf8mb4 COLLATE=utf8mb4_unicode_ci;

-- Dumping data for table simt_backend.role_has_permissions: ~131 rows (approximately)
DELETE FROM `role_has_permissions`;
INSERT INTO `role_has_permissions` (`permission_id`, `role_id`) VALUES
	(1, 1),
	(2, 1),
	(3, 1),
	(4, 1),
	(5, 1),
	(6, 1),
	(7, 1),
	(8, 1),
	(9, 1),
	(10, 1),
	(11, 1),
	(12, 1),
	(13, 1),
	(14, 1),
	(15, 1),
	(16, 1),
	(17, 1),
	(18, 1),
	(19, 1),
	(1, 2),
	(5, 2),
	(10, 2),
	(13, 2),
	(14, 2),
	(1, 3),
	(5, 3),
	(6, 3),
	(7, 3),
	(9, 3),
	(10, 3),
	(13, 3),
	(1, 4),
	(14, 4),
	(15, 4),
	(16, 4),
	(17, 4),
	(18, 4),
	(1, 5),
	(5, 5),
	(10, 5),
	(11, 5),
	(12, 5),
	(1, 6),
	(1, 7),
	(2, 7),
	(3, 7),
	(4, 7),
	(5, 7),
	(6, 7),
	(7, 7),
	(8, 7),
	(9, 7),
	(10, 7),
	(11, 7),
	(12, 7),
	(13, 7),
	(14, 7),
	(15, 7),
	(16, 7),
	(17, 7),
	(18, 7),
	(19, 7),
	(1, 8),
	(5, 8),
	(10, 8),
	(13, 8),
	(14, 8),
	(1, 9),
	(5, 9),
	(6, 9),
	(7, 9),
	(9, 9),
	(10, 9),
	(13, 9),
	(19, 9),
	(1, 10),
	(14, 10),
	(15, 10),
	(16, 10),
	(17, 10),
	(18, 10),
	(1, 11),
	(5, 11),
	(10, 11),
	(11, 11),
	(12, 11),
	(1, 12),
	(1, 13),
	(2, 13),
	(3, 13),
	(4, 13),
	(5, 13),
	(6, 13),
	(7, 13),
	(8, 13),
	(9, 13),
	(10, 13),
	(11, 13),
	(12, 13),
	(13, 13),
	(14, 13),
	(15, 13),
	(16, 13),
	(17, 13),
	(18, 13),
	(19, 13),
	(1, 14),
	(5, 14),
	(10, 14),
	(13, 14),
	(14, 14),
	(1, 15),
	(5, 15),
	(6, 15),
	(7, 15),
	(9, 15),
	(10, 15),
	(13, 15),
	(19, 15),
	(1, 16),
	(14, 16),
	(15, 16),
	(16, 16),
	(17, 16),
	(18, 16),
	(1, 17),
	(5, 17),
	(10, 17),
	(11, 17),
	(12, 17),
	(1, 18);

-- Dumping structure for table simt_backend.school_classes
CREATE TABLE IF NOT EXISTS `school_classes` (
  `id` bigint(20) unsigned NOT NULL AUTO_INCREMENT,
  `tenant_id` bigint(20) unsigned NOT NULL,
  `school_year_id` bigint(20) unsigned NOT NULL,
  `name` varchar(50) COLLATE utf8mb4_unicode_ci NOT NULL,
  `grade` varchar(10) COLLATE utf8mb4_unicode_ci NOT NULL,
  `teacher_id` bigint(20) unsigned DEFAULT NULL,
  `created_at` timestamp NULL DEFAULT NULL,
  `updated_at` timestamp NULL DEFAULT NULL,
  PRIMARY KEY (`id`),
  UNIQUE KEY `school_classes_tenant_id_school_year_id_name_unique` (`tenant_id`,`school_year_id`,`name`),
  KEY `school_classes_school_year_id_foreign` (`school_year_id`),
  KEY `school_classes_teacher_id_foreign` (`teacher_id`),
  CONSTRAINT `school_classes_school_year_id_foreign` FOREIGN KEY (`school_year_id`) REFERENCES `school_years` (`id`) ON DELETE CASCADE,
  CONSTRAINT `school_classes_teacher_id_foreign` FOREIGN KEY (`teacher_id`) REFERENCES `users` (`id`) ON DELETE SET NULL,
  CONSTRAINT `school_classes_tenant_id_foreign` FOREIGN KEY (`tenant_id`) REFERENCES `tenants` (`id`) ON DELETE CASCADE
) ENGINE=InnoDB AUTO_INCREMENT=6 DEFAULT CHARSET=utf8mb4 COLLATE=utf8mb4_unicode_ci;

-- Dumping data for table simt_backend.school_classes: ~5 rows (approximately)
DELETE FROM `school_classes`;
INSERT INTO `school_classes` (`id`, `tenant_id`, `school_year_id`, `name`, `grade`, `teacher_id`, `created_at`, `updated_at`) VALUES
	(1, 1, 1, '7A', '7', 3, '2026-06-14 09:04:48', '2026-06-14 09:04:48'),
	(2, 1, 1, '7B', '7', 3, '2026-06-14 09:04:48', '2026-06-14 09:04:48'),
	(3, 1, 1, '8A', '8', 3, '2026-06-14 09:04:48', '2026-06-14 09:04:48'),
	(4, 1, 1, '8B', '8', 3, '2026-06-14 09:04:48', '2026-06-14 09:04:48'),
	(5, 2, 2, '7A', '7', 105, '2026-06-14 09:05:17', '2026-06-14 09:05:17');

-- Dumping structure for table simt_backend.school_years
CREATE TABLE IF NOT EXISTS `school_years` (
  `id` bigint(20) unsigned NOT NULL AUTO_INCREMENT,
  `tenant_id` bigint(20) unsigned NOT NULL,
  `name` varchar(20) COLLATE utf8mb4_unicode_ci NOT NULL,
  `start_date` date DEFAULT NULL,
  `end_date` date DEFAULT NULL,
  `is_active` tinyint(1) NOT NULL DEFAULT '0',
  `created_at` timestamp NULL DEFAULT NULL,
  `updated_at` timestamp NULL DEFAULT NULL,
  PRIMARY KEY (`id`),
  UNIQUE KEY `school_years_tenant_id_name_unique` (`tenant_id`,`name`),
  CONSTRAINT `school_years_tenant_id_foreign` FOREIGN KEY (`tenant_id`) REFERENCES `tenants` (`id`) ON DELETE CASCADE
) ENGINE=InnoDB AUTO_INCREMENT=3 DEFAULT CHARSET=utf8mb4 COLLATE=utf8mb4_unicode_ci;

-- Dumping data for table simt_backend.school_years: ~2 rows (approximately)
DELETE FROM `school_years`;
INSERT INTO `school_years` (`id`, `tenant_id`, `name`, `start_date`, `end_date`, `is_active`, `created_at`, `updated_at`) VALUES
	(1, 1, '2026/2027', '2026-07-01', '2027-06-30', 1, '2026-06-14 09:04:48', '2026-06-14 09:04:48'),
	(2, 2, '2026/2027', '2026-07-01', '2027-06-30', 1, '2026-06-14 09:05:17', '2026-06-14 09:05:17');

-- Dumping structure for table simt_backend.sessions
CREATE TABLE IF NOT EXISTS `sessions` (
  `id` varchar(255) COLLATE utf8mb4_unicode_ci NOT NULL,
  `user_id` bigint(20) unsigned DEFAULT NULL,
  `ip_address` varchar(45) COLLATE utf8mb4_unicode_ci DEFAULT NULL,
  `user_agent` text COLLATE utf8mb4_unicode_ci,
  `payload` longtext COLLATE utf8mb4_unicode_ci NOT NULL,
  `last_activity` int(11) NOT NULL,
  PRIMARY KEY (`id`),
  KEY `sessions_user_id_index` (`user_id`),
  KEY `sessions_last_activity_index` (`last_activity`)
) ENGINE=InnoDB DEFAULT CHARSET=utf8mb4 COLLATE=utf8mb4_unicode_ci;

-- Dumping data for table simt_backend.sessions: ~0 rows (approximately)
DELETE FROM `sessions`;

-- Dumping structure for table simt_backend.students
CREATE TABLE IF NOT EXISTS `students` (
  `id` bigint(20) unsigned NOT NULL AUTO_INCREMENT,
  `tenant_id` bigint(20) unsigned NOT NULL,
  `nis` varchar(50) COLLATE utf8mb4_unicode_ci DEFAULT NULL,
  `nisn` varchar(50) COLLATE utf8mb4_unicode_ci DEFAULT NULL,
  `name` varchar(255) COLLATE utf8mb4_unicode_ci NOT NULL,
  `gender` varchar(10) COLLATE utf8mb4_unicode_ci DEFAULT NULL,
  `birth_date` date DEFAULT NULL,
  `birth_place` varchar(100) COLLATE utf8mb4_unicode_ci DEFAULT NULL,
  `address` text COLLATE utf8mb4_unicode_ci,
  `status` varchar(20) COLLATE utf8mb4_unicode_ci NOT NULL DEFAULT 'active',
  `created_at` timestamp NULL DEFAULT NULL,
  `updated_at` timestamp NULL DEFAULT NULL,
  PRIMARY KEY (`id`),
  UNIQUE KEY `students_tenant_nis_unique` (`tenant_id`,`nis`),
  UNIQUE KEY `students_tenant_nisn_unique` (`tenant_id`,`nisn`),
  CONSTRAINT `students_tenant_id_foreign` FOREIGN KEY (`tenant_id`) REFERENCES `tenants` (`id`) ON DELETE CASCADE
) ENGINE=InnoDB AUTO_INCREMENT=107 DEFAULT CHARSET=utf8mb4 COLLATE=utf8mb4_unicode_ci;

-- Dumping data for table simt_backend.students: ~106 rows (approximately)
DELETE FROM `students`;
INSERT INTO `students` (`id`, `tenant_id`, `nis`, `nisn`, `name`, `gender`, `birth_date`, `birth_place`, `address`, `status`, `created_at`, `updated_at`) VALUES
	(1, 1, '0001', '001000000001', 'Ahmad Fauzi', 'P', '2013-06-13', 'Malang', 'Jl. Siswa No. 1', 'active', '2026-06-14 09:04:48', '2026-06-14 09:04:48'),
	(2, 1, '0002', '001000000002', 'Muhammad Rahman', 'L', '2012-06-12', 'Malang', 'Jl. Siswa No. 2', 'active', '2026-06-14 09:04:48', '2026-06-14 09:04:48'),
	(3, 1, '0003', '001000000003', 'Fatimah Hidayah', 'P', '2014-06-11', 'Malang', 'Jl. Siswa No. 3', 'active', '2026-06-14 09:04:48', '2026-06-14 09:04:48'),
	(4, 1, '0004', '001000000004', 'Aisyah Kusuma', 'L', '2013-06-10', 'Malang', 'Jl. Siswa No. 4', 'active', '2026-06-14 09:04:49', '2026-06-14 09:04:49'),
	(5, 1, '0005', '001000000005', 'Umar Putra', 'P', '2012-06-09', 'Malang', 'Jl. Siswa No. 5', 'active', '2026-06-14 09:04:49', '2026-06-14 09:04:49'),
	(6, 1, '0006', '001000000006', 'Ali Wijaya', 'L', '2014-06-08', 'Malang', 'Jl. Siswa No. 6', 'active', '2026-06-14 09:04:49', '2026-06-14 09:04:49'),
	(7, 1, '0007', '001000000007', 'Khadijah Nurhaliza', 'P', '2013-06-07', 'Malang', 'Jl. Siswa No. 7', 'active', '2026-06-14 09:04:49', '2026-06-14 09:04:49'),
	(8, 1, '0008', '001000000008', 'Zainab Santoso', 'L', '2012-06-06', 'Malang', 'Jl. Siswa No. 8', 'active', '2026-06-14 09:04:50', '2026-06-14 09:04:50'),
	(9, 1, '0009', '001000000009', 'Bilal Dewi', 'P', '2014-06-05', 'Malang', 'Jl. Siswa No. 9', 'active', '2026-06-14 09:04:50', '2026-06-14 09:04:50'),
	(10, 1, '0010', '001000000010', 'Siti Maulana', 'L', '2013-06-04', 'Malang', 'Jl. Siswa No. 10', 'active', '2026-06-14 09:04:50', '2026-06-14 09:04:50'),
	(11, 1, '0011', '001000000011', 'Rizki Saputra', 'P', '2012-06-03', 'Malang', 'Jl. Siswa No. 11', 'active', '2026-06-14 09:04:51', '2026-06-14 09:04:51'),
	(12, 1, '0012', '001000000012', 'Putri Anggraini', 'L', '2014-06-02', 'Malang', 'Jl. Siswa No. 12', 'active', '2026-06-14 09:04:51', '2026-06-14 09:04:51'),
	(13, 1, '0013', '001000000013', 'Nur Kurniawan', 'P', '2013-06-01', 'Malang', 'Jl. Siswa No. 13', 'active', '2026-06-14 09:04:51', '2026-06-14 09:04:51'),
	(14, 1, '0014', '001000000014', 'Dewi Setiawan', 'L', '2012-05-31', 'Malang', 'Jl. Siswa No. 14', 'active', '2026-06-14 09:04:51', '2026-06-14 09:04:51'),
	(15, 1, '0015', '001000000015', 'Hafiz Laksono', 'P', '2014-05-30', 'Malang', 'Jl. Siswa No. 15', 'active', '2026-06-14 09:04:52', '2026-06-14 09:04:52'),
	(16, 1, '0016', '001000000016', 'Ibrahim Pratama', 'L', '2013-05-29', 'Malang', 'Jl. Siswa No. 16', 'active', '2026-06-14 09:04:52', '2026-06-14 09:04:52'),
	(17, 1, '0017', '001000000017', 'Rahma Sari', 'P', '2012-05-28', 'Malang', 'Jl. Siswa No. 17', 'active', '2026-06-14 09:04:52', '2026-06-14 09:04:52'),
	(18, 1, '0018', '001000000018', 'Salsa Ningsih', 'L', '2014-05-27', 'Malang', 'Jl. Siswa No. 18', 'active', '2026-06-14 09:04:53', '2026-06-14 09:04:53'),
	(19, 1, '0019', '001000000019', 'Farhan Ramadhan', 'P', '2013-05-26', 'Malang', 'Jl. Siswa No. 19', 'active', '2026-06-14 09:04:53', '2026-06-14 09:04:53'),
	(20, 1, '0020', '001000000020', 'Lestari Wulandari', 'L', '2012-05-25', 'Malang', 'Jl. Siswa No. 20', 'active', '2026-06-14 09:04:53', '2026-06-14 09:04:53'),
	(21, 1, '0021', '001000000021', 'Ahmad Fauzi', 'P', '2014-05-24', 'Malang', 'Jl. Siswa No. 21', 'active', '2026-06-14 09:04:53', '2026-06-14 09:04:53'),
	(22, 1, '0022', '001000000022', 'Muhammad Rahman', 'L', '2013-05-23', 'Malang', 'Jl. Siswa No. 22', 'active', '2026-06-14 09:04:54', '2026-06-14 09:04:54'),
	(23, 1, '0023', '001000000023', 'Fatimah Hidayah', 'P', '2012-05-22', 'Malang', 'Jl. Siswa No. 23', 'active', '2026-06-14 09:04:54', '2026-06-14 09:04:54'),
	(24, 1, '0024', '001000000024', 'Aisyah Kusuma', 'L', '2014-05-21', 'Malang', 'Jl. Siswa No. 24', 'active', '2026-06-14 09:04:54', '2026-06-14 09:04:54'),
	(25, 1, '0025', '001000000025', 'Umar Putra', 'P', '2013-05-20', 'Malang', 'Jl. Siswa No. 25', 'active', '2026-06-14 09:04:55', '2026-06-14 09:04:55'),
	(26, 1, '0026', '001000000026', 'Ali Wijaya', 'L', '2012-05-19', 'Malang', 'Jl. Siswa No. 26', 'active', '2026-06-14 09:04:55', '2026-06-14 09:04:55'),
	(27, 1, '0027', '001000000027', 'Khadijah Nurhaliza', 'P', '2014-05-18', 'Malang', 'Jl. Siswa No. 27', 'active', '2026-06-14 09:04:55', '2026-06-14 09:04:55'),
	(28, 1, '0028', '001000000028', 'Zainab Santoso', 'L', '2013-05-17', 'Malang', 'Jl. Siswa No. 28', 'active', '2026-06-14 09:04:55', '2026-06-14 09:04:55'),
	(29, 1, '0029', '001000000029', 'Bilal Dewi', 'P', '2012-05-16', 'Malang', 'Jl. Siswa No. 29', 'active', '2026-06-14 09:04:56', '2026-06-14 09:04:56'),
	(30, 1, '0030', '001000000030', 'Siti Maulana', 'L', '2014-05-15', 'Malang', 'Jl. Siswa No. 30', 'active', '2026-06-14 09:04:56', '2026-06-14 09:04:56'),
	(31, 1, '0031', '001000000031', 'Rizki Saputra', 'P', '2013-05-14', 'Malang', 'Jl. Siswa No. 31', 'active', '2026-06-14 09:04:56', '2026-06-14 09:04:56'),
	(32, 1, '0032', '001000000032', 'Putri Anggraini', 'L', '2012-05-13', 'Malang', 'Jl. Siswa No. 32', 'active', '2026-06-14 09:04:57', '2026-06-14 09:04:57'),
	(33, 1, '0033', '001000000033', 'Nur Kurniawan', 'P', '2014-05-12', 'Malang', 'Jl. Siswa No. 33', 'active', '2026-06-14 09:04:57', '2026-06-14 09:04:57'),
	(34, 1, '0034', '001000000034', 'Dewi Setiawan', 'L', '2013-05-11', 'Malang', 'Jl. Siswa No. 34', 'active', '2026-06-14 09:04:57', '2026-06-14 09:04:57'),
	(35, 1, '0035', '001000000035', 'Hafiz Laksono', 'P', '2012-05-10', 'Malang', 'Jl. Siswa No. 35', 'active', '2026-06-14 09:04:57', '2026-06-14 09:04:57'),
	(36, 1, '0036', '001000000036', 'Ibrahim Pratama', 'L', '2014-05-09', 'Malang', 'Jl. Siswa No. 36', 'active', '2026-06-14 09:04:58', '2026-06-14 09:04:58'),
	(37, 1, '0037', '001000000037', 'Rahma Sari', 'P', '2013-05-08', 'Malang', 'Jl. Siswa No. 37', 'active', '2026-06-14 09:04:58', '2026-06-14 09:04:58'),
	(38, 1, '0038', '001000000038', 'Salsa Ningsih', 'L', '2012-05-07', 'Malang', 'Jl. Siswa No. 38', 'active', '2026-06-14 09:04:58', '2026-06-14 09:04:58'),
	(39, 1, '0039', '001000000039', 'Farhan Ramadhan', 'P', '2014-05-06', 'Malang', 'Jl. Siswa No. 39', 'active', '2026-06-14 09:04:59', '2026-06-14 09:04:59'),
	(40, 1, '0040', '001000000040', 'Lestari Wulandari', 'L', '2013-05-05', 'Malang', 'Jl. Siswa No. 40', 'active', '2026-06-14 09:04:59', '2026-06-14 09:04:59'),
	(41, 1, '0041', '001000000041', 'Ahmad Fauzi', 'P', '2012-05-04', 'Malang', 'Jl. Siswa No. 41', 'active', '2026-06-14 09:04:59', '2026-06-14 09:04:59'),
	(42, 1, '0042', '001000000042', 'Muhammad Rahman', 'L', '2014-05-03', 'Malang', 'Jl. Siswa No. 42', 'active', '2026-06-14 09:04:59', '2026-06-14 09:04:59'),
	(43, 1, '0043', '001000000043', 'Fatimah Hidayah', 'P', '2013-05-02', 'Malang', 'Jl. Siswa No. 43', 'active', '2026-06-14 09:05:00', '2026-06-14 09:05:00'),
	(44, 1, '0044', '001000000044', 'Aisyah Kusuma', 'L', '2012-05-01', 'Malang', 'Jl. Siswa No. 44', 'active', '2026-06-14 09:05:00', '2026-06-14 09:05:00'),
	(45, 1, '0045', '001000000045', 'Umar Putra', 'P', '2014-04-30', 'Malang', 'Jl. Siswa No. 45', 'active', '2026-06-14 09:05:00', '2026-06-14 09:05:00'),
	(46, 1, '0046', '001000000046', 'Ali Wijaya', 'L', '2013-04-29', 'Malang', 'Jl. Siswa No. 46', 'active', '2026-06-14 09:05:01', '2026-06-14 09:05:01'),
	(47, 1, '0047', '001000000047', 'Khadijah Nurhaliza', 'P', '2012-04-28', 'Malang', 'Jl. Siswa No. 47', 'active', '2026-06-14 09:05:01', '2026-06-14 09:05:01'),
	(48, 1, '0048', '001000000048', 'Zainab Santoso', 'L', '2014-04-27', 'Malang', 'Jl. Siswa No. 48', 'active', '2026-06-14 09:05:01', '2026-06-14 09:05:01'),
	(49, 1, '0049', '001000000049', 'Bilal Dewi', 'P', '2013-04-26', 'Malang', 'Jl. Siswa No. 49', 'active', '2026-06-14 09:05:01', '2026-06-14 09:05:01'),
	(50, 1, '0050', '001000000050', 'Siti Maulana', 'L', '2012-04-25', 'Malang', 'Jl. Siswa No. 50', 'active', '2026-06-14 09:05:02', '2026-06-14 09:05:02'),
	(51, 1, '0051', '001000000051', 'Rizki Saputra', 'P', '2014-04-24', 'Malang', 'Jl. Siswa No. 51', 'active', '2026-06-14 09:05:02', '2026-06-14 09:05:02'),
	(52, 1, '0052', '001000000052', 'Putri Anggraini', 'L', '2013-04-23', 'Malang', 'Jl. Siswa No. 52', 'active', '2026-06-14 09:05:02', '2026-06-14 09:05:02'),
	(53, 1, '0053', '001000000053', 'Nur Kurniawan', 'P', '2012-04-22', 'Malang', 'Jl. Siswa No. 53', 'active', '2026-06-14 09:05:03', '2026-06-14 09:05:03'),
	(54, 1, '0054', '001000000054', 'Dewi Setiawan', 'L', '2014-04-21', 'Malang', 'Jl. Siswa No. 54', 'active', '2026-06-14 09:05:03', '2026-06-14 09:05:03'),
	(55, 1, '0055', '001000000055', 'Hafiz Laksono', 'P', '2013-04-20', 'Malang', 'Jl. Siswa No. 55', 'active', '2026-06-14 09:05:03', '2026-06-14 09:05:03'),
	(56, 1, '0056', '001000000056', 'Ibrahim Pratama', 'L', '2012-04-19', 'Malang', 'Jl. Siswa No. 56', 'active', '2026-06-14 09:05:03', '2026-06-14 09:05:03'),
	(57, 1, '0057', '001000000057', 'Rahma Sari', 'P', '2014-04-18', 'Malang', 'Jl. Siswa No. 57', 'active', '2026-06-14 09:05:04', '2026-06-14 09:05:04'),
	(58, 1, '0058', '001000000058', 'Salsa Ningsih', 'L', '2013-04-17', 'Malang', 'Jl. Siswa No. 58', 'active', '2026-06-14 09:05:04', '2026-06-14 09:05:04'),
	(59, 1, '0059', '001000000059', 'Farhan Ramadhan', 'P', '2012-04-16', 'Malang', 'Jl. Siswa No. 59', 'active', '2026-06-14 09:05:04', '2026-06-14 09:05:04'),
	(60, 1, '0060', '001000000060', 'Lestari Wulandari', 'L', '2014-04-15', 'Malang', 'Jl. Siswa No. 60', 'active', '2026-06-14 09:05:05', '2026-06-14 09:05:05'),
	(61, 1, '0061', '001000000061', 'Ahmad Fauzi', 'P', '2013-04-14', 'Malang', 'Jl. Siswa No. 61', 'active', '2026-06-14 09:05:05', '2026-06-14 09:05:05'),
	(62, 1, '0062', '001000000062', 'Muhammad Rahman', 'L', '2012-04-13', 'Malang', 'Jl. Siswa No. 62', 'active', '2026-06-14 09:05:05', '2026-06-14 09:05:05'),
	(63, 1, '0063', '001000000063', 'Fatimah Hidayah', 'P', '2014-04-12', 'Malang', 'Jl. Siswa No. 63', 'active', '2026-06-14 09:05:05', '2026-06-14 09:05:05'),
	(64, 1, '0064', '001000000064', 'Aisyah Kusuma', 'L', '2013-04-11', 'Malang', 'Jl. Siswa No. 64', 'active', '2026-06-14 09:05:06', '2026-06-14 09:05:06'),
	(65, 1, '0065', '001000000065', 'Umar Putra', 'P', '2012-04-10', 'Malang', 'Jl. Siswa No. 65', 'active', '2026-06-14 09:05:06', '2026-06-14 09:05:06'),
	(66, 1, '0066', '001000000066', 'Ali Wijaya', 'L', '2014-04-09', 'Malang', 'Jl. Siswa No. 66', 'active', '2026-06-14 09:05:06', '2026-06-14 09:05:06'),
	(67, 1, '0067', '001000000067', 'Khadijah Nurhaliza', 'P', '2013-04-08', 'Malang', 'Jl. Siswa No. 67', 'active', '2026-06-14 09:05:07', '2026-06-14 09:05:07'),
	(68, 1, '0068', '001000000068', 'Zainab Santoso', 'L', '2012-04-07', 'Malang', 'Jl. Siswa No. 68', 'active', '2026-06-14 09:05:07', '2026-06-14 09:05:07'),
	(69, 1, '0069', '001000000069', 'Bilal Dewi', 'P', '2014-04-06', 'Malang', 'Jl. Siswa No. 69', 'active', '2026-06-14 09:05:07', '2026-06-14 09:05:07'),
	(70, 1, '0070', '001000000070', 'Siti Maulana', 'L', '2013-04-05', 'Malang', 'Jl. Siswa No. 70', 'active', '2026-06-14 09:05:07', '2026-06-14 09:05:07'),
	(71, 1, '0071', '001000000071', 'Rizki Saputra', 'P', '2012-04-04', 'Malang', 'Jl. Siswa No. 71', 'active', '2026-06-14 09:05:08', '2026-06-14 09:05:08'),
	(72, 1, '0072', '001000000072', 'Putri Anggraini', 'L', '2014-04-03', 'Malang', 'Jl. Siswa No. 72', 'active', '2026-06-14 09:05:08', '2026-06-14 09:05:08'),
	(73, 1, '0073', '001000000073', 'Nur Kurniawan', 'P', '2013-04-02', 'Malang', 'Jl. Siswa No. 73', 'active', '2026-06-14 09:05:08', '2026-06-14 09:05:08'),
	(74, 1, '0074', '001000000074', 'Dewi Setiawan', 'L', '2012-04-01', 'Malang', 'Jl. Siswa No. 74', 'active', '2026-06-14 09:05:09', '2026-06-14 09:05:09'),
	(75, 1, '0075', '001000000075', 'Hafiz Laksono', 'P', '2014-03-31', 'Malang', 'Jl. Siswa No. 75', 'active', '2026-06-14 09:05:09', '2026-06-14 09:05:09'),
	(76, 1, '0076', '001000000076', 'Ibrahim Pratama', 'L', '2013-03-30', 'Malang', 'Jl. Siswa No. 76', 'active', '2026-06-14 09:05:09', '2026-06-14 09:05:09'),
	(77, 1, '0077', '001000000077', 'Rahma Sari', 'P', '2012-03-29', 'Malang', 'Jl. Siswa No. 77', 'active', '2026-06-14 09:05:09', '2026-06-14 09:05:09'),
	(78, 1, '0078', '001000000078', 'Salsa Ningsih', 'L', '2014-03-28', 'Malang', 'Jl. Siswa No. 78', 'active', '2026-06-14 09:05:10', '2026-06-14 09:05:10'),
	(79, 1, '0079', '001000000079', 'Farhan Ramadhan', 'P', '2013-03-27', 'Malang', 'Jl. Siswa No. 79', 'active', '2026-06-14 09:05:10', '2026-06-14 09:05:10'),
	(80, 1, '0080', '001000000080', 'Lestari Wulandari', 'L', '2012-03-26', 'Malang', 'Jl. Siswa No. 80', 'active', '2026-06-14 09:05:10', '2026-06-14 09:05:10'),
	(81, 1, '0081', '001000000081', 'Ahmad Fauzi', 'P', '2014-03-25', 'Malang', 'Jl. Siswa No. 81', 'active', '2026-06-14 09:05:11', '2026-06-14 09:05:11'),
	(82, 1, '0082', '001000000082', 'Muhammad Rahman', 'L', '2013-03-24', 'Malang', 'Jl. Siswa No. 82', 'active', '2026-06-14 09:05:11', '2026-06-14 09:05:11'),
	(83, 1, '0083', '001000000083', 'Fatimah Hidayah', 'P', '2012-03-23', 'Malang', 'Jl. Siswa No. 83', 'active', '2026-06-14 09:05:11', '2026-06-14 09:05:11'),
	(84, 1, '0084', '001000000084', 'Aisyah Kusuma', 'L', '2014-03-22', 'Malang', 'Jl. Siswa No. 84', 'active', '2026-06-14 09:05:11', '2026-06-14 09:05:11'),
	(85, 1, '0085', '001000000085', 'Umar Putra', 'P', '2013-03-21', 'Malang', 'Jl. Siswa No. 85', 'active', '2026-06-14 09:05:12', '2026-06-14 09:05:12'),
	(86, 1, '0086', '001000000086', 'Ali Wijaya', 'L', '2012-03-20', 'Malang', 'Jl. Siswa No. 86', 'active', '2026-06-14 09:05:12', '2026-06-14 09:05:12'),
	(87, 1, '0087', '001000000087', 'Khadijah Nurhaliza', 'P', '2014-03-19', 'Malang', 'Jl. Siswa No. 87', 'active', '2026-06-14 09:05:12', '2026-06-14 09:05:12'),
	(88, 1, '0088', '001000000088', 'Zainab Santoso', 'L', '2013-03-18', 'Malang', 'Jl. Siswa No. 88', 'active', '2026-06-14 09:05:13', '2026-06-14 09:05:13'),
	(89, 1, '0089', '001000000089', 'Bilal Dewi', 'P', '2012-03-17', 'Malang', 'Jl. Siswa No. 89', 'active', '2026-06-14 09:05:13', '2026-06-14 09:05:13'),
	(90, 1, '0090', '001000000090', 'Siti Maulana', 'L', '2014-03-16', 'Malang', 'Jl. Siswa No. 90', 'active', '2026-06-14 09:05:13', '2026-06-14 09:05:13'),
	(91, 1, '0091', '001000000091', 'Rizki Saputra', 'P', '2013-03-15', 'Malang', 'Jl. Siswa No. 91', 'active', '2026-06-14 09:05:13', '2026-06-14 09:05:13'),
	(92, 1, '0092', '001000000092', 'Putri Anggraini', 'L', '2012-03-14', 'Malang', 'Jl. Siswa No. 92', 'active', '2026-06-14 09:05:14', '2026-06-14 09:05:14'),
	(93, 1, '0093', '001000000093', 'Nur Kurniawan', 'P', '2014-03-13', 'Malang', 'Jl. Siswa No. 93', 'active', '2026-06-14 09:05:14', '2026-06-14 09:05:14'),
	(94, 1, '0094', '001000000094', 'Dewi Setiawan', 'L', '2013-03-12', 'Malang', 'Jl. Siswa No. 94', 'active', '2026-06-14 09:05:14', '2026-06-14 09:05:14'),
	(95, 1, '0095', '001000000095', 'Hafiz Laksono', 'P', '2012-03-11', 'Malang', 'Jl. Siswa No. 95', 'active', '2026-06-14 09:05:15', '2026-06-14 09:05:15'),
	(96, 1, '0096', '001000000096', 'Ibrahim Pratama', 'L', '2014-03-10', 'Malang', 'Jl. Siswa No. 96', 'active', '2026-06-14 09:05:15', '2026-06-14 09:05:15'),
	(97, 1, '0097', '001000000097', 'Rahma Sari', 'P', '2013-03-09', 'Malang', 'Jl. Siswa No. 97', 'active', '2026-06-14 09:05:15', '2026-06-14 09:05:15'),
	(98, 1, '0098', '001000000098', 'Salsa Ningsih', 'L', '2012-03-08', 'Malang', 'Jl. Siswa No. 98', 'active', '2026-06-14 09:05:15', '2026-06-14 09:05:15'),
	(99, 1, '0099', '001000000099', 'Farhan Ramadhan', 'P', '2014-03-07', 'Malang', 'Jl. Siswa No. 99', 'active', '2026-06-14 09:05:16', '2026-06-14 09:05:16'),
	(100, 1, '0100', '001000000100', 'Lestari Wulandari', 'L', '2013-03-06', 'Malang', 'Jl. Siswa No. 100', 'active', '2026-06-14 09:05:16', '2026-06-14 09:05:16'),
	(101, 2, 'T2-0001', '002000000001', 'Siswa An-Nur 1', 'L', '2014-05-15', 'Malang', 'Jl. T2 No.1', 'active', '2026-06-14 09:05:17', '2026-06-14 09:05:17'),
	(102, 2, 'T2-0002', '002000000002', 'Siswa An-Nur 2', 'L', '2014-04-15', 'Malang', 'Jl. T2 No.2', 'active', '2026-06-14 09:05:17', '2026-06-14 09:05:17'),
	(103, 2, 'T2-0003', '002000000003', 'Siswa An-Nur 3', 'L', '2014-03-16', 'Malang', 'Jl. T2 No.3', 'active', '2026-06-14 09:05:17', '2026-06-14 09:05:17'),
	(104, 2, 'T2-0004', '002000000004', 'Siswa An-Nur 4', 'L', '2014-02-14', 'Malang', 'Jl. T2 No.4', 'active', '2026-06-14 09:05:17', '2026-06-14 09:05:17'),
	(105, 2, 'T2-0005', '002000000005', 'Siswa An-Nur 5', 'L', '2014-01-15', 'Malang', 'Jl. T2 No.5', 'active', '2026-06-14 09:05:17', '2026-06-14 09:05:17'),
	(106, 2, 'T2-0006', '002000000006', 'Siswa An-Nur 6', 'L', '2013-12-16', 'Malang', 'Jl. T2 No.6', 'active', '2026-06-14 09:05:17', '2026-06-14 09:05:17');

-- Dumping structure for table simt_backend.tenants
CREATE TABLE IF NOT EXISTS `tenants` (
  `id` bigint(20) unsigned NOT NULL AUTO_INCREMENT,
  `name` varchar(255) COLLATE utf8mb4_unicode_ci NOT NULL,
  `domain` varchar(100) COLLATE utf8mb4_unicode_ci NOT NULL,
  `phone` varchar(20) COLLATE utf8mb4_unicode_ci DEFAULT NULL,
  `address` varchar(500) COLLATE utf8mb4_unicode_ci DEFAULT NULL,
  `status` enum('prospect','contracted','active','grace_read','suspended','terminated') COLLATE utf8mb4_unicode_ci NOT NULL DEFAULT 'prospect',
  `activated_at` timestamp NULL DEFAULT NULL,
  `grace_until` timestamp NULL DEFAULT NULL,
  `settings` json DEFAULT NULL,
  `created_at` timestamp NULL DEFAULT NULL,
  `updated_at` timestamp NULL DEFAULT NULL,
  PRIMARY KEY (`id`),
  UNIQUE KEY `tenants_domain_unique` (`domain`)
) ENGINE=InnoDB AUTO_INCREMENT=3 DEFAULT CHARSET=utf8mb4 COLLATE=utf8mb4_unicode_ci;

-- Dumping data for table simt_backend.tenants: ~2 rows (approximately)
DELETE FROM `tenants`;
INSERT INTO `tenants` (`id`, `name`, `domain`, `phone`, `address`, `status`, `activated_at`, `grace_until`, `settings`, `created_at`, `updated_at`) VALUES
	(1, 'MTs Al-Hikmah', 'mts-alhikmah', '628123456001', 'Jl. Al-Hikmah No.1, Malang', 'active', '2026-06-14 09:04:47', NULL, NULL, '2026-06-14 09:04:47', '2026-06-14 09:04:47'),
	(2, 'MTs An-Nur', 'mts-annur', '628123456002', 'Jl. An-Nur No.2, Malang', 'active', '2026-06-14 09:05:16', NULL, NULL, '2026-06-14 09:05:16', '2026-06-14 09:05:16');

-- Dumping structure for table simt_backend.tenant_modules
CREATE TABLE IF NOT EXISTS `tenant_modules` (
  `id` bigint(20) unsigned NOT NULL AUTO_INCREMENT,
  `tenant_id` bigint(20) unsigned NOT NULL,
  `module_code` varchar(50) COLLATE utf8mb4_unicode_ci NOT NULL,
  `active` tinyint(1) NOT NULL DEFAULT '0',
  `active_until` timestamp NULL DEFAULT NULL,
  `created_at` timestamp NULL DEFAULT NULL,
  `updated_at` timestamp NULL DEFAULT NULL,
  PRIMARY KEY (`id`),
  UNIQUE KEY `tenant_modules_tenant_id_module_code_unique` (`tenant_id`,`module_code`),
  CONSTRAINT `tenant_modules_tenant_id_foreign` FOREIGN KEY (`tenant_id`) REFERENCES `tenants` (`id`) ON DELETE CASCADE
) ENGINE=InnoDB AUTO_INCREMENT=7 DEFAULT CHARSET=utf8mb4 COLLATE=utf8mb4_unicode_ci;

-- Dumping data for table simt_backend.tenant_modules: ~6 rows (approximately)
DELETE FROM `tenant_modules`;
INSERT INTO `tenant_modules` (`id`, `tenant_id`, `module_code`, `active`, `active_until`, `created_at`, `updated_at`) VALUES
	(1, 1, 'Core', 1, NULL, '2026-06-14 09:04:47', '2026-06-14 09:04:47'),
	(2, 1, 'Student', 1, NULL, '2026-06-14 09:04:47', '2026-06-14 09:04:47'),
	(3, 1, 'Attendance', 1, NULL, '2026-06-14 09:04:47', '2026-06-14 09:04:47'),
	(4, 1, 'Finance', 1, NULL, '2026-06-14 09:04:47', '2026-06-14 09:04:47'),
	(5, 2, 'Core', 1, NULL, '2026-06-14 09:05:16', '2026-06-14 09:05:16'),
	(6, 2, 'Student', 1, NULL, '2026-06-14 09:05:16', '2026-06-14 09:05:16');

-- Dumping structure for table simt_backend.users
CREATE TABLE IF NOT EXISTS `users` (
  `id` bigint(20) unsigned NOT NULL AUTO_INCREMENT,
  `tenant_id` bigint(20) unsigned DEFAULT NULL,
  `name` varchar(255) COLLATE utf8mb4_unicode_ci NOT NULL,
  `email` varchar(255) COLLATE utf8mb4_unicode_ci DEFAULT NULL,
  `phone` varchar(20) COLLATE utf8mb4_unicode_ci NOT NULL,
  `password` varchar(255) COLLATE utf8mb4_unicode_ci NOT NULL,
  `role_display` varchar(50) COLLATE utf8mb4_unicode_ci NOT NULL DEFAULT 'user',
  `is_active` tinyint(1) NOT NULL DEFAULT '1',
  `last_login_at` timestamp NULL DEFAULT NULL,
  `remember_token` varchar(100) COLLATE utf8mb4_unicode_ci DEFAULT NULL,
  `created_at` timestamp NULL DEFAULT NULL,
  `updated_at` timestamp NULL DEFAULT NULL,
  PRIMARY KEY (`id`),
  UNIQUE KEY `users_phone_unique` (`phone`),
  UNIQUE KEY `users_email_unique` (`email`),
  KEY `users_tenant_id_foreign` (`tenant_id`),
  CONSTRAINT `users_tenant_id_foreign` FOREIGN KEY (`tenant_id`) REFERENCES `tenants` (`id`) ON DELETE SET NULL
) ENGINE=InnoDB AUTO_INCREMENT=106 DEFAULT CHARSET=utf8mb4 COLLATE=utf8mb4_unicode_ci;

-- Dumping data for table simt_backend.users: ~105 rows (approximately)
DELETE FROM `users`;
INSERT INTO `users` (`id`, `tenant_id`, `name`, `email`, `phone`, `password`, `role_display`, `is_active`, `last_login_at`, `remember_token`, `created_at`, `updated_at`) VALUES
	(1, NULL, 'Vendor SIMT', 'vendor@simt.id', '628000000000', '$2y$12$sho5/PWnpYScfQ93FTqHTO7I8le38iQzuveH1EZK3dfGGxld5gR9K', 'superadmin', 1, NULL, NULL, '2026-06-14 09:04:47', '2026-06-14 09:04:47'),
	(2, 1, 'Ahmad Fauzi', 'ahmad@mts-alhikmah.sch.id', '628123456010', '$2y$12$NcYxpjmA6U0ZWeXrmlPa9.EbppNm8ztryesDC2RFGfJ5OfBsYmw0e', 'admin_sekolah', 1, '2026-06-14 09:05:42', NULL, '2026-06-14 09:04:47', '2026-06-14 09:05:42'),
	(3, 1, 'Siti Maryam', 'siti@mts-alhikmah.sch.id', '628123456011', '$2y$12$9P4qKd.IXRSnjHZcv4TeBOCUptJMpsudiTcnGRPit77Q6NvR13V5u', 'guru', 1, NULL, NULL, '2026-06-14 09:04:47', '2026-06-14 09:04:47'),
	(4, 1, 'Budi Santoso', 'budi@mts-alhikmah.sch.id', '628123456012', '$2y$12$uBU0O3sH4cXTUEEqknSw3.qfw3szN7HWt74ZlitJ63.miDtjRKCnC', 'tu', 1, NULL, NULL, '2026-06-14 09:04:48', '2026-06-14 09:04:48'),
	(5, 1, 'Wali Ahmad Fauzi', 'wali_0001@simt.local', '628520000001', '$2y$12$y0SYPhrvQdyUBJewGhAVV.OK7M93/Ip18XphvqeOWoUHaILqtV2/G', 'wali', 1, NULL, NULL, '2026-06-14 09:04:48', '2026-06-14 09:04:48'),
	(6, 1, 'Wali Muhammad Rahman', 'wali_0002@simt.local', '628520000002', '$2y$12$fgDDA92gYSfr59Ju3bz3I.Nk1wUp68os3/NNnsvj115E9gt.YZvSK', 'wali', 1, NULL, NULL, '2026-06-14 09:04:48', '2026-06-14 09:04:48'),
	(7, 1, 'Wali Fatimah Hidayah', 'wali_0003@simt.local', '628520000003', '$2y$12$G0/CsJEPlQi0BWHjvXtX0.wyJoLpEIt69Zrie4IQlmYwwc0h70ZVC', 'wali', 1, NULL, NULL, '2026-06-14 09:04:49', '2026-06-14 09:04:49'),
	(8, 1, 'Wali Aisyah Kusuma', 'wali_0004@simt.local', '628520000004', '$2y$12$EvdcblBnQp5i9rmHz6sH/eNGCCPpH54HcLpJprew3Ezx0yeaYLvo6', 'wali', 1, NULL, NULL, '2026-06-14 09:04:49', '2026-06-14 09:04:49'),
	(9, 1, 'Wali Umar Putra', 'wali_0005@simt.local', '628520000005', '$2y$12$LszFiKoFu2pk/FIbId.XvOij13d6s9aPjDDwjxjRb.5SRYxEmlPi.', 'wali', 1, NULL, NULL, '2026-06-14 09:04:49', '2026-06-14 09:04:49'),
	(10, 1, 'Wali Ali Wijaya', 'wali_0006@simt.local', '628520000006', '$2y$12$eyQgVv22EwFdsmxg.vNdWOmV160ugx7s.AcB4b76cJKLyxjmDWERe', 'wali', 1, NULL, NULL, '2026-06-14 09:04:49', '2026-06-14 09:04:49'),
	(11, 1, 'Wali Khadijah Nurhaliza', 'wali_0007@simt.local', '628520000007', '$2y$12$VEQuRlSf3lIIno3GDSSbuOrYLum8v5zfSbrSlmQ4wpTzNVueMcGZG', 'wali', 1, NULL, NULL, '2026-06-14 09:04:50', '2026-06-14 09:04:50'),
	(12, 1, 'Wali Zainab Santoso', 'wali_0008@simt.local', '628520000008', '$2y$12$Emu/aqYm9KI3nRXnBwqmkO2yG4ORdIliUKAKCi0K1Yv0MpVtLPNt.', 'wali', 1, NULL, NULL, '2026-06-14 09:04:50', '2026-06-14 09:04:50'),
	(13, 1, 'Wali Bilal Dewi', 'wali_0009@simt.local', '628520000009', '$2y$12$TSznBQ9YnrtqQDjnt2XXDOYYE6XG9rUBjJYlUbDGm.4Fdu9CFqgru', 'wali', 1, NULL, NULL, '2026-06-14 09:04:50', '2026-06-14 09:04:50'),
	(14, 1, 'Wali Siti Maulana', 'wali_0010@simt.local', '628520000010', '$2y$12$3pMvnbW/qI5HGwfJoB9BBuSILWl50MXaTCIl9K9hKWEydjV8pIWrC', 'wali', 1, NULL, NULL, '2026-06-14 09:04:51', '2026-06-14 09:04:51'),
	(15, 1, 'Wali Rizki Saputra', 'wali_0011@simt.local', '628520000011', '$2y$12$KSjOP/FXmP9S.1HtADq7I.jaP/TdzdKDds9awfUHJMq24O5eUjzAK', 'wali', 1, NULL, NULL, '2026-06-14 09:04:51', '2026-06-14 09:04:51'),
	(16, 1, 'Wali Putri Anggraini', 'wali_0012@simt.local', '628520000012', '$2y$12$B4NCX3mmn2lRq4xtfa/96e5xocnxP1o/pLMHi00Bfpz4.fhYc7KFi', 'wali', 1, NULL, NULL, '2026-06-14 09:04:51', '2026-06-14 09:04:51'),
	(17, 1, 'Wali Nur Kurniawan', 'wali_0013@simt.local', '628520000013', '$2y$12$L7I3LiP1/WhM/POht/QIGehQbwYpr6NunvNeV787NzKpE65ZpGSYm', 'wali', 1, NULL, NULL, '2026-06-14 09:04:51', '2026-06-14 09:04:51'),
	(18, 1, 'Wali Dewi Setiawan', 'wali_0014@simt.local', '628520000014', '$2y$12$YrPQqFqxbCUp2UDX1sH4XewO9I3zIbn01ztmtn7851V8BiOKLNfCq', 'wali', 1, NULL, NULL, '2026-06-14 09:04:52', '2026-06-14 09:04:52'),
	(19, 1, 'Wali Hafiz Laksono', 'wali_0015@simt.local', '628520000015', '$2y$12$WHHestn/Wo5F1JjIXkNW/ukf1yROzJrnqb.P8EYOP1oZvUgRp5r1e', 'wali', 1, NULL, NULL, '2026-06-14 09:04:52', '2026-06-14 09:04:52'),
	(20, 1, 'Wali Ibrahim Pratama', 'wali_0016@simt.local', '628520000016', '$2y$12$Dxxea8tqVQu8ys170KqXbORPtB8Qx6jiMUDkdbPanyI0EmRINKede', 'wali', 1, NULL, NULL, '2026-06-14 09:04:52', '2026-06-14 09:04:52'),
	(21, 1, 'Wali Rahma Sari', 'wali_0017@simt.local', '628520000017', '$2y$12$g1YoXEF2FDl0HG.rev/fKuunxLJ3x9L3RfveIutrbt/6zO0PIDuJu', 'wali', 1, NULL, NULL, '2026-06-14 09:04:53', '2026-06-14 09:04:53'),
	(22, 1, 'Wali Salsa Ningsih', 'wali_0018@simt.local', '628520000018', '$2y$12$7H5o82kqu24tvbDYWbxsNuv5plMx4Haff.tl0pbMETNoWsKXywTIK', 'wali', 1, NULL, NULL, '2026-06-14 09:04:53', '2026-06-14 09:04:53'),
	(23, 1, 'Wali Farhan Ramadhan', 'wali_0019@simt.local', '628520000019', '$2y$12$gKfTTYRJFwDguEleiqw95ua6dTVHzKT8xkgWn4swOkPjopoCuT/rG', 'wali', 1, NULL, NULL, '2026-06-14 09:04:53', '2026-06-14 09:04:53'),
	(24, 1, 'Wali Lestari Wulandari', 'wali_0020@simt.local', '628520000020', '$2y$12$zgVw9b8BbNhzCwqwc.FzDOdRE1oodUxqH0bAm9QVilK8BySFDf1I2', 'wali', 1, NULL, NULL, '2026-06-14 09:04:53', '2026-06-14 09:04:53'),
	(25, 1, 'Wali Ahmad Fauzi', 'wali_0021@simt.local', '628520000021', '$2y$12$jAmbAeJxI1hrvAeY3BZ5Ce6ngorEs59/3jN8tRV4jtpHUnH25t5tG', 'wali', 1, NULL, NULL, '2026-06-14 09:04:54', '2026-06-14 09:04:54'),
	(26, 1, 'Wali Muhammad Rahman', 'wali_0022@simt.local', '628520000022', '$2y$12$sVcTmPSdneJc70wKFSrJFunteXozq80jeVRhUd7bodDxi5Dl8GsDq', 'wali', 1, NULL, NULL, '2026-06-14 09:04:54', '2026-06-14 09:04:54'),
	(27, 1, 'Wali Fatimah Hidayah', 'wali_0023@simt.local', '628520000023', '$2y$12$/UPqMWwnqxUClLRJkHpxHeiysTCVVeB7iWoV6i9Jl1GSGNbY/NSQ.', 'wali', 1, NULL, NULL, '2026-06-14 09:04:54', '2026-06-14 09:04:54'),
	(28, 1, 'Wali Aisyah Kusuma', 'wali_0024@simt.local', '628520000024', '$2y$12$Wdfh9L1LgqnjfWCh9lb58eeDMX8EudjYsSwRrffK.ZDD7GTfGokPS', 'wali', 1, NULL, NULL, '2026-06-14 09:04:55', '2026-06-14 09:04:55'),
	(29, 1, 'Wali Umar Putra', 'wali_0025@simt.local', '628520000025', '$2y$12$ie4R5d0qVIw4nIZLG1Dyz.w9l75rnAJjcIJCMyG7G1hyt72qnqAbK', 'wali', 1, NULL, NULL, '2026-06-14 09:04:55', '2026-06-14 09:04:55'),
	(30, 1, 'Wali Ali Wijaya', 'wali_0026@simt.local', '628520000026', '$2y$12$P3a.eg7ZXzKY2lSmZVZEN.x3kTZuO7uQ.MSZTkU3MPHiPrNYfCp2O', 'wali', 1, NULL, NULL, '2026-06-14 09:04:55', '2026-06-14 09:04:55'),
	(31, 1, 'Wali Khadijah Nurhaliza', 'wali_0027@simt.local', '628520000027', '$2y$12$2GtcwH8RVnJbbZAtw/J6Wu/BC5lGV9O.15g7O8Zi56DeZ30fkx0ey', 'wali', 1, NULL, NULL, '2026-06-14 09:04:55', '2026-06-14 09:04:55'),
	(32, 1, 'Wali Zainab Santoso', 'wali_0028@simt.local', '628520000028', '$2y$12$o2jnaZ9wlO8NYcw7B1OEeuzn1aT0wOtjxpf3N8DJwJd7Vw8CSyaGO', 'wali', 1, NULL, NULL, '2026-06-14 09:04:56', '2026-06-14 09:04:56'),
	(33, 1, 'Wali Bilal Dewi', 'wali_0029@simt.local', '628520000029', '$2y$12$DKE7.lNC67HOEj2t6P8Q9OFEVWJSZpDS.ukiY4kzAq6nETZ8eAgC6', 'wali', 1, NULL, NULL, '2026-06-14 09:04:56', '2026-06-14 09:04:56'),
	(34, 1, 'Wali Siti Maulana', 'wali_0030@simt.local', '628520000030', '$2y$12$ZYLS65rlDgwucEzpcxqwq.j3V/ePXfg6g6n6LC776cpcm.LKFJ1wm', 'wali', 1, NULL, NULL, '2026-06-14 09:04:56', '2026-06-14 09:04:56'),
	(35, 1, 'Wali Rizki Saputra', 'wali_0031@simt.local', '628520000031', '$2y$12$GW7WF29n3ggfK3XHueqCpOIwwugpvGGLW/8OQuNwWx7tTNOsSIid.', 'wali', 1, NULL, NULL, '2026-06-14 09:04:57', '2026-06-14 09:04:57'),
	(36, 1, 'Wali Putri Anggraini', 'wali_0032@simt.local', '628520000032', '$2y$12$daENLUdVQquaLnthbxZPDO.vh6vErV/4IeuGQcXpFqLz3DWnbergO', 'wali', 1, NULL, NULL, '2026-06-14 09:04:57', '2026-06-14 09:04:57'),
	(37, 1, 'Wali Nur Kurniawan', 'wali_0033@simt.local', '628520000033', '$2y$12$NNzDBQgxuO17/mFuFp.Y0OyngZGEFzVVDd4UkYhaJhPVIA2Omt1qS', 'wali', 1, NULL, NULL, '2026-06-14 09:04:57', '2026-06-14 09:04:57'),
	(38, 1, 'Wali Dewi Setiawan', 'wali_0034@simt.local', '628520000034', '$2y$12$LOTRSbGNnQBO.NR2XAc1lu4Lb/t7VnANgleAjrSyXFRRJVVGfjEhC', 'wali', 1, NULL, NULL, '2026-06-14 09:04:57', '2026-06-14 09:04:57'),
	(39, 1, 'Wali Hafiz Laksono', 'wali_0035@simt.local', '628520000035', '$2y$12$FMD72kxMIfSfWfcn5F6EBOv3if7kOpw8FoPVUhDZh09mE7vPTzdCi', 'wali', 1, NULL, NULL, '2026-06-14 09:04:58', '2026-06-14 09:04:58'),
	(40, 1, 'Wali Ibrahim Pratama', 'wali_0036@simt.local', '628520000036', '$2y$12$.surghuDJ8lS1yB0.gV1OuAMMbnHNzR9wa.bL9PvdGDP3VPXYXnHa', 'wali', 1, NULL, NULL, '2026-06-14 09:04:58', '2026-06-14 09:04:58'),
	(41, 1, 'Wali Rahma Sari', 'wali_0037@simt.local', '628520000037', '$2y$12$H6H.v2hq8SgG2LeO61aD7uWAGbO5FWZHrKk.WQpo2QSNjfJCZHMr2', 'wali', 1, NULL, NULL, '2026-06-14 09:04:58', '2026-06-14 09:04:58'),
	(42, 1, 'Wali Salsa Ningsih', 'wali_0038@simt.local', '628520000038', '$2y$12$EVIu0.UksFGu0fS8WtMQFOEiFI0qa54d32qPtvy41ZvNXakcUlkPq', 'wali', 1, NULL, NULL, '2026-06-14 09:04:59', '2026-06-14 09:04:59'),
	(43, 1, 'Wali Farhan Ramadhan', 'wali_0039@simt.local', '628520000039', '$2y$12$DP13EGuoEWo.Ds5xr/PfN.OP5Gi8rq/Qy6/zeqc.NGXVwESVW9Zqq', 'wali', 1, NULL, NULL, '2026-06-14 09:04:59', '2026-06-14 09:04:59'),
	(44, 1, 'Wali Lestari Wulandari', 'wali_0040@simt.local', '628520000040', '$2y$12$bzBKE2OI70ewDsNny0prUu.xmsz9IJwiDM0lZ4lTNY4aL53cObeeG', 'wali', 1, NULL, NULL, '2026-06-14 09:04:59', '2026-06-14 09:04:59'),
	(45, 1, 'Wali Ahmad Fauzi', 'wali_0041@simt.local', '628520000041', '$2y$12$U9nT9P5pMIrU51we3AuGbemafZnESs8mwVvG8lpN9vBCwIN1KYlY6', 'wali', 1, NULL, NULL, '2026-06-14 09:04:59', '2026-06-14 09:04:59'),
	(46, 1, 'Wali Muhammad Rahman', 'wali_0042@simt.local', '628520000042', '$2y$12$kzm5jW2b2qUqS6sn2cnSI.uGNm79LbNWRH/NuXRzdGFV.Tlnu9bTS', 'wali', 1, NULL, NULL, '2026-06-14 09:05:00', '2026-06-14 09:05:00'),
	(47, 1, 'Wali Fatimah Hidayah', 'wali_0043@simt.local', '628520000043', '$2y$12$KAg8EAK4nXUDxTAkz/a2/e5GG5Z6ZVuoSDOfM9PD7cboenKZMqKw2', 'wali', 1, NULL, NULL, '2026-06-14 09:05:00', '2026-06-14 09:05:00'),
	(48, 1, 'Wali Aisyah Kusuma', 'wali_0044@simt.local', '628520000044', '$2y$12$VU1nn3DqXY9iPHB1g0OwRe4.CyHvE9qxsGA60CSah27MI11zg3rv.', 'wali', 1, NULL, NULL, '2026-06-14 09:05:00', '2026-06-14 09:05:00'),
	(49, 1, 'Wali Umar Putra', 'wali_0045@simt.local', '628520000045', '$2y$12$H9T7udYHGCl6udQQ5kTnc.wN9Wbwf.OwRkgU8nCuwAJl/TeCgq8Wu', 'wali', 1, NULL, NULL, '2026-06-14 09:05:01', '2026-06-14 09:05:01'),
	(50, 1, 'Wali Ali Wijaya', 'wali_0046@simt.local', '628520000046', '$2y$12$JEAH01GLkb.2RmvD/l1jLOVfUaJqKoccyfj6QJXkY.QUYR2jW4y/q', 'wali', 1, NULL, NULL, '2026-06-14 09:05:01', '2026-06-14 09:05:01'),
	(51, 1, 'Wali Khadijah Nurhaliza', 'wali_0047@simt.local', '628520000047', '$2y$12$C2/49ToL5P2BYr.RGqrbGOLFGWzk2LMgyiWhdL3Rg2n/khxPQXI.e', 'wali', 1, NULL, NULL, '2026-06-14 09:05:01', '2026-06-14 09:05:01'),
	(52, 1, 'Wali Zainab Santoso', 'wali_0048@simt.local', '628520000048', '$2y$12$bohlvHZKpc6Y929lXAmb4OpBQPqCqxAEySK5J0i0E5tq87cSX4Wy2', 'wali', 1, NULL, NULL, '2026-06-14 09:05:01', '2026-06-14 09:05:01'),
	(53, 1, 'Wali Bilal Dewi', 'wali_0049@simt.local', '628520000049', '$2y$12$kL9FXMN8QfBhreP5HVwoKeFP8hR9PmZsD8plE6mga04REmswf1qxi', 'wali', 1, NULL, NULL, '2026-06-14 09:05:02', '2026-06-14 09:05:02'),
	(54, 1, 'Wali Siti Maulana', 'wali_0050@simt.local', '628520000050', '$2y$12$IvQQG2lpsl.q9cG6mxJ9yu4/H9zReCGSFWf1/Dar4vRNsNs1Gs4/6', 'wali', 1, NULL, NULL, '2026-06-14 09:05:02', '2026-06-14 09:05:02'),
	(55, 1, 'Wali Rizki Saputra', 'wali_0051@simt.local', '628520000051', '$2y$12$2/b05FFan5UEyEFfuy4CIu9XJR/idEZxwHSJyL2FGKzWYNOEh2h1K', 'wali', 1, NULL, NULL, '2026-06-14 09:05:02', '2026-06-14 09:05:02'),
	(56, 1, 'Wali Putri Anggraini', 'wali_0052@simt.local', '628520000052', '$2y$12$7eIvWRbsi/iaSUbKOMkhz.bJ0/XlmfYUaa2xfswF2pmjU/sPxIFXC', 'wali', 1, NULL, NULL, '2026-06-14 09:05:03', '2026-06-14 09:05:03'),
	(57, 1, 'Wali Nur Kurniawan', 'wali_0053@simt.local', '628520000053', '$2y$12$j5aO8wmSKMed.vuV9tQVHuvlA7KGPmkAUG4pnPYuJ4jCmbHtOcqdu', 'wali', 1, NULL, NULL, '2026-06-14 09:05:03', '2026-06-14 09:05:03'),
	(58, 1, 'Wali Dewi Setiawan', 'wali_0054@simt.local', '628520000054', '$2y$12$SbyUh3ZYxm7UA0cUk/MFoObwa7Cumdvcawzv1u/xJTL31unSkm5Ze', 'wali', 1, NULL, NULL, '2026-06-14 09:05:03', '2026-06-14 09:05:03'),
	(59, 1, 'Wali Hafiz Laksono', 'wali_0055@simt.local', '628520000055', '$2y$12$eQtNK1fQKdpu1iisDrrfTesmDEsjy3tcV1V.Gah93L0NG3Mw71rYq', 'wali', 1, NULL, NULL, '2026-06-14 09:05:03', '2026-06-14 09:05:03'),
	(60, 1, 'Wali Ibrahim Pratama', 'wali_0056@simt.local', '628520000056', '$2y$12$5OGzjqdubxEyftj8kf50ge.w78l8zF2HKYmsxhMw5Mi.d5Cv3CnnK', 'wali', 1, NULL, NULL, '2026-06-14 09:05:04', '2026-06-14 09:05:04'),
	(61, 1, 'Wali Rahma Sari', 'wali_0057@simt.local', '628520000057', '$2y$12$blHunXiTNKf.TWuav8tOn.h5BDczULXsWSyYrGrXp4ES9TBQYhX3u', 'wali', 1, NULL, NULL, '2026-06-14 09:05:04', '2026-06-14 09:05:04'),
	(62, 1, 'Wali Salsa Ningsih', 'wali_0058@simt.local', '628520000058', '$2y$12$VgehNu.QN/Jy7FmAm8mxYO7E.iry7DcbmqOO5YDIH/pTxDr6EDBNO', 'wali', 1, NULL, NULL, '2026-06-14 09:05:04', '2026-06-14 09:05:04'),
	(63, 1, 'Wali Farhan Ramadhan', 'wali_0059@simt.local', '628520000059', '$2y$12$/d.pzryGdi4lRLsA86yVgOBtUR.XB/W.ZrACyqG817CHitym2kJRi', 'wali', 1, NULL, NULL, '2026-06-14 09:05:05', '2026-06-14 09:05:05'),
	(64, 1, 'Wali Lestari Wulandari', 'wali_0060@simt.local', '628520000060', '$2y$12$9fiDW/7OeUzdiFsC74g3r.RNsIRO8favk/96NrVQh2hDgG2xCTbuK', 'wali', 1, NULL, NULL, '2026-06-14 09:05:05', '2026-06-14 09:05:05'),
	(65, 1, 'Wali Ahmad Fauzi', 'wali_0061@simt.local', '628520000061', '$2y$12$.nFJJXANjRNapxEUYXtCauyhyidgQxTpNWL1nOlDEc/VO4pzXVDaq', 'wali', 1, NULL, NULL, '2026-06-14 09:05:05', '2026-06-14 09:05:05'),
	(66, 1, 'Wali Muhammad Rahman', 'wali_0062@simt.local', '628520000062', '$2y$12$kt4brao5M8SV.52nzcIdeufrodTF335HpiokfDrbdfL9RYJtHaqfe', 'wali', 1, NULL, NULL, '2026-06-14 09:05:05', '2026-06-14 09:05:05'),
	(67, 1, 'Wali Fatimah Hidayah', 'wali_0063@simt.local', '628520000063', '$2y$12$WLQ1PYM3IGghJiFoXpQpZeBh9HkyrWO.PAY9cnZxpa9348duakgOS', 'wali', 1, NULL, NULL, '2026-06-14 09:05:06', '2026-06-14 09:05:06'),
	(68, 1, 'Wali Aisyah Kusuma', 'wali_0064@simt.local', '628520000064', '$2y$12$tSIUl3/BfQsWcc/3F.PxN.enKlLf49YSUKqz.g/z4j9EHg60lwVpy', 'wali', 1, NULL, NULL, '2026-06-14 09:05:06', '2026-06-14 09:05:06'),
	(69, 1, 'Wali Umar Putra', 'wali_0065@simt.local', '628520000065', '$2y$12$RpMeIhuBJ0a1yO2Y/RCX4u3rT.in8GhpiV.mftlkE13pgVmZa9g8G', 'wali', 1, NULL, NULL, '2026-06-14 09:05:06', '2026-06-14 09:05:06'),
	(70, 1, 'Wali Ali Wijaya', 'wali_0066@simt.local', '628520000066', '$2y$12$XhjOw.wkqD3./0V8PZJJC.NRmF11pLGvzhWzRrZ5F2YvuLKL8Xa0S', 'wali', 1, NULL, NULL, '2026-06-14 09:05:07', '2026-06-14 09:05:07'),
	(71, 1, 'Wali Khadijah Nurhaliza', 'wali_0067@simt.local', '628520000067', '$2y$12$kHTkCIGZNopfQwqZJWl.uefBZ5LcdiYBv2aPVQ4Bb0njvW7XKs622', 'wali', 1, NULL, NULL, '2026-06-14 09:05:07', '2026-06-14 09:05:07'),
	(72, 1, 'Wali Zainab Santoso', 'wali_0068@simt.local', '628520000068', '$2y$12$4.cPkelYfikRXqpFTjRqiuZ6VjFhnbvqYLm12iPjQfCvOmZrY8Gsa', 'wali', 1, NULL, NULL, '2026-06-14 09:05:07', '2026-06-14 09:05:07'),
	(73, 1, 'Wali Bilal Dewi', 'wali_0069@simt.local', '628520000069', '$2y$12$4WFNivP8Syaz5eSNR35Xk.By9SwRsYtFvM/3GfHzBvLSC.PXibIja', 'wali', 1, NULL, NULL, '2026-06-14 09:05:07', '2026-06-14 09:05:07'),
	(74, 1, 'Wali Siti Maulana', 'wali_0070@simt.local', '628520000070', '$2y$12$ssXVdvl0kLUiAe.7mh6eRuJGCv9jrrtv40nUEdzo5UM7RrQjtPuHa', 'wali', 1, NULL, NULL, '2026-06-14 09:05:08', '2026-06-14 09:05:08'),
	(75, 1, 'Wali Rizki Saputra', 'wali_0071@simt.local', '628520000071', '$2y$12$ic35.MJjTzju3Ht82Cwhn.R5f64B8vYY3KY3OHbU9IZyPLPo97Uwm', 'wali', 1, NULL, NULL, '2026-06-14 09:05:08', '2026-06-14 09:05:08'),
	(76, 1, 'Wali Putri Anggraini', 'wali_0072@simt.local', '628520000072', '$2y$12$bRhWNBYUtogSWQMaW4yrRet/pIEj2T.RR8yEn4emzshnwU0Ss.Hme', 'wali', 1, NULL, NULL, '2026-06-14 09:05:08', '2026-06-14 09:05:08'),
	(77, 1, 'Wali Nur Kurniawan', 'wali_0073@simt.local', '628520000073', '$2y$12$wUWqbULgv.Sv9LUJLXF0UeSh2oBPcHNMRBvtQmUjxgONAcGbW5XfO', 'wali', 1, NULL, NULL, '2026-06-14 09:05:09', '2026-06-14 09:05:09'),
	(78, 1, 'Wali Dewi Setiawan', 'wali_0074@simt.local', '628520000074', '$2y$12$btNPiMV9yiOctjJi9jYQl.LrmFFQ4mjwhPPwcxL457n.HWHVZL79C', 'wali', 1, NULL, NULL, '2026-06-14 09:05:09', '2026-06-14 09:05:09'),
	(79, 1, 'Wali Hafiz Laksono', 'wali_0075@simt.local', '628520000075', '$2y$12$4e.LLdJV0tRs2egEzwyqvOxdxiHB0F8MuuB2dJBk5Y7h80QRZxMb6', 'wali', 1, NULL, NULL, '2026-06-14 09:05:09', '2026-06-14 09:05:09'),
	(80, 1, 'Wali Ibrahim Pratama', 'wali_0076@simt.local', '628520000076', '$2y$12$XxX4l/7zVUl/jnln2zquFeHYIOalO7nwsK4eaDxaBzku4KxgS7zj6', 'wali', 1, NULL, NULL, '2026-06-14 09:05:09', '2026-06-14 09:05:09'),
	(81, 1, 'Wali Rahma Sari', 'wali_0077@simt.local', '628520000077', '$2y$12$XTuSOaygitoMaEYErFUSzOmhawFG.JzyLTXdqp.2gBdVy9H4zQ55W', 'wali', 1, NULL, NULL, '2026-06-14 09:05:10', '2026-06-14 09:05:10'),
	(82, 1, 'Wali Salsa Ningsih', 'wali_0078@simt.local', '628520000078', '$2y$12$NVQzap8KUJb8h3i/37qvK.YMd6VzZDIgQPiIzwGrxbg5tcm7ZHtRi', 'wali', 1, NULL, NULL, '2026-06-14 09:05:10', '2026-06-14 09:05:10'),
	(83, 1, 'Wali Farhan Ramadhan', 'wali_0079@simt.local', '628520000079', '$2y$12$/89JbP1wQCCdVKcAA8kfYeVbb9oFKQJkZyU1BV9p9vwNfltCJKKH.', 'wali', 1, NULL, NULL, '2026-06-14 09:05:10', '2026-06-14 09:05:10'),
	(84, 1, 'Wali Lestari Wulandari', 'wali_0080@simt.local', '628520000080', '$2y$12$SR7XiS7.k0hoOX9okvCuluE3HyltbUvcJR5HGQ/.hvntcelTp22Fu', 'wali', 1, NULL, NULL, '2026-06-14 09:05:11', '2026-06-14 09:05:11'),
	(85, 1, 'Wali Ahmad Fauzi', 'wali_0081@simt.local', '628520000081', '$2y$12$uVPGEkG1EJ/Jfz.krDqF8..CGqh2u./wjg1i2M/4X2aoXy68hOrHu', 'wali', 1, NULL, NULL, '2026-06-14 09:05:11', '2026-06-14 09:05:11'),
	(86, 1, 'Wali Muhammad Rahman', 'wali_0082@simt.local', '628520000082', '$2y$12$5pOnFOZPQ8VpZbeQ/eRb6OfhRhUABRf0pt8ag4/BXUCxf/oQFF9Gq', 'wali', 1, NULL, NULL, '2026-06-14 09:05:11', '2026-06-14 09:05:11'),
	(87, 1, 'Wali Fatimah Hidayah', 'wali_0083@simt.local', '628520000083', '$2y$12$C05K25zjEESaz7ReBUJzH.gz99WktyVywzLUDwbQpMmYzVrV9vIRy', 'wali', 1, NULL, NULL, '2026-06-14 09:05:11', '2026-06-14 09:05:11'),
	(88, 1, 'Wali Aisyah Kusuma', 'wali_0084@simt.local', '628520000084', '$2y$12$EXUBJVlcg/uvv9W602JbDup7/A4TL.THEN1CwMAEpvXLO48/6oLjq', 'wali', 1, NULL, NULL, '2026-06-14 09:05:12', '2026-06-14 09:05:12'),
	(89, 1, 'Wali Umar Putra', 'wali_0085@simt.local', '628520000085', '$2y$12$CblFk8MLfOgIj8RsQO1pQOVRj7GRWILzJHDVIzwpQkLQj2B4b36Gm', 'wali', 1, NULL, NULL, '2026-06-14 09:05:12', '2026-06-14 09:05:12'),
	(90, 1, 'Wali Ali Wijaya', 'wali_0086@simt.local', '628520000086', '$2y$12$J8IIoFPh15PlC5N4qHOD8u4QdxC7MU4CMTt2Nes4FAhH3Ys76iyl.', 'wali', 1, NULL, NULL, '2026-06-14 09:05:12', '2026-06-14 09:05:12'),
	(91, 1, 'Wali Khadijah Nurhaliza', 'wali_0087@simt.local', '628520000087', '$2y$12$6..SaFA9gWK2PBypFqbNkOKfqAImFe744qGHClJpOqE7zFjVajYUm', 'wali', 1, NULL, NULL, '2026-06-14 09:05:13', '2026-06-14 09:05:13'),
	(92, 1, 'Wali Zainab Santoso', 'wali_0088@simt.local', '628520000088', '$2y$12$QshvUQsmbX2FY./O2GbUVej1EKzzzMaxUQwO6WYxbqVbVUWDjIUZW', 'wali', 1, NULL, NULL, '2026-06-14 09:05:13', '2026-06-14 09:05:13'),
	(93, 1, 'Wali Bilal Dewi', 'wali_0089@simt.local', '628520000089', '$2y$12$I7tiinHdYO/XVwMKqL6uoOBcPuE953PEDMSU0/T8aTJPDCpi2FGcG', 'wali', 1, NULL, NULL, '2026-06-14 09:05:13', '2026-06-14 09:05:13'),
	(94, 1, 'Wali Siti Maulana', 'wali_0090@simt.local', '628520000090', '$2y$12$ZsTd.nOi8eJdXAUVJwrAzONe2vY07AXYflNdRhpbC4KwxTZMFPuey', 'wali', 1, NULL, NULL, '2026-06-14 09:05:13', '2026-06-14 09:05:13'),
	(95, 1, 'Wali Rizki Saputra', 'wali_0091@simt.local', '628520000091', '$2y$12$ScUf71YRkID8WwXNoryGle0f8euxyo.F2.qzWpm3CZlC9L4ovmTYa', 'wali', 1, NULL, NULL, '2026-06-14 09:05:14', '2026-06-14 09:05:14'),
	(96, 1, 'Wali Putri Anggraini', 'wali_0092@simt.local', '628520000092', '$2y$12$fmgMIHYk43HPvpDzbKLpkOlQeTyTG.4OetXmmWz//.nWtHnz1Umzu', 'wali', 1, NULL, NULL, '2026-06-14 09:05:14', '2026-06-14 09:05:14'),
	(97, 1, 'Wali Nur Kurniawan', 'wali_0093@simt.local', '628520000093', '$2y$12$rb8JL1KG3cHIyrFzImoxJ.vpk1G4TeRblWyVNiglJSYutUTQfPZVu', 'wali', 1, NULL, NULL, '2026-06-14 09:05:14', '2026-06-14 09:05:14'),
	(98, 1, 'Wali Dewi Setiawan', 'wali_0094@simt.local', '628520000094', '$2y$12$UALTo5FW./QlOASfdy84puUIO2AeRy39MmWxH/I0smXBFxoIcfwl6', 'wali', 1, NULL, NULL, '2026-06-14 09:05:15', '2026-06-14 09:05:15'),
	(99, 1, 'Wali Hafiz Laksono', 'wali_0095@simt.local', '628520000095', '$2y$12$7IwlE/pIQTiq87OHKCnySuqQ0NJLsDMlyJTSenavvNa8nQfVp/wAC', 'wali', 1, NULL, NULL, '2026-06-14 09:05:15', '2026-06-14 09:05:15'),
	(100, 1, 'Wali Ibrahim Pratama', 'wali_0096@simt.local', '628520000096', '$2y$12$nzXcEVV9l0Om4B8aL9GH2O0Xg17MbJPA6KHEppGGPmCZxtBfGTQIO', 'wali', 1, NULL, NULL, '2026-06-14 09:05:15', '2026-06-14 09:05:15'),
	(101, 1, 'Wali Rahma Sari', 'wali_0097@simt.local', '628520000097', '$2y$12$8lLlS2.jDfzBSk3J7Xt.LeVhKpCF7KJPsdNyaZFIwlEk48ye6MHo.', 'wali', 1, NULL, NULL, '2026-06-14 09:05:15', '2026-06-14 09:05:15'),
	(102, 1, 'Wali Salsa Ningsih', 'wali_0098@simt.local', '628520000098', '$2y$12$gFvnosoFiy0pIF6E2LxIL.xDNECmHUsG0/5CYpu01S3PeEu752c56', 'wali', 1, NULL, NULL, '2026-06-14 09:05:16', '2026-06-14 09:05:16'),
	(103, 1, 'Wali Farhan Ramadhan', 'wali_0099@simt.local', '628520000099', '$2y$12$L05BMQA6TtwMX5nK5J1XEeI4Enatyah0A9fBbFU8BzPcgEOk8pcsi', 'wali', 1, NULL, NULL, '2026-06-14 09:05:16', '2026-06-14 09:05:16'),
	(104, 1, 'Wali Lestari Wulandari', 'wali_0100@simt.local', '628520000100', '$2y$12$uZ19QyOqnbDYBPrvf49qaeNtaX/6nRXO2KNPAx3ka5pQH11LFiow.', 'wali', 1, NULL, NULL, '2026-06-14 09:05:16', '2026-06-14 09:05:16'),
	(105, 2, 'Ahmad (Guru)', 'ahmad@mts-annur.sch.id', '628123456020', '$2y$12$J8xiAOO2LljpOSKw92yksuH0ZSb/DJOpA0D9/.ayyZ.V5sDpiGWY2', 'guru', 1, '2026-06-14 09:05:26', NULL, '2026-06-14 09:05:17', '2026-06-14 09:05:26');

-- Dumping structure for table simt_backend.wa_notifications
CREATE TABLE IF NOT EXISTS `wa_notifications` (
  `id` bigint(20) unsigned NOT NULL AUTO_INCREMENT,
  `tenant_id` bigint(20) unsigned NOT NULL,
  `to_phone` varchar(20) COLLATE utf8mb4_unicode_ci NOT NULL,
  `type` varchar(50) COLLATE utf8mb4_unicode_ci NOT NULL,
  `payload` text COLLATE utf8mb4_unicode_ci NOT NULL,
  `status` enum('queued','sent','failed','retrying') COLLATE utf8mb4_unicode_ci NOT NULL DEFAULT 'queued',
  `attempts` tinyint(3) unsigned NOT NULL DEFAULT '0',
  `last_error` text COLLATE utf8mb4_unicode_ci,
  `sent_at` timestamp NULL DEFAULT NULL,
  `created_at` timestamp NULL DEFAULT NULL,
  `updated_at` timestamp NULL DEFAULT NULL,
  PRIMARY KEY (`id`),
  KEY `wa_notifications_tenant_id_status_index` (`tenant_id`,`status`),
  KEY `wa_notifications_tenant_id_created_at_index` (`tenant_id`,`created_at`),
  CONSTRAINT `wa_notifications_tenant_id_foreign` FOREIGN KEY (`tenant_id`) REFERENCES `tenants` (`id`) ON DELETE CASCADE
) ENGINE=InnoDB DEFAULT CHARSET=utf8mb4 COLLATE=utf8mb4_unicode_ci;

-- Dumping data for table simt_backend.wa_notifications: ~0 rows (approximately)
DELETE FROM `wa_notifications`;

/*!40103 SET TIME_ZONE=IFNULL(@OLD_TIME_ZONE, 'system') */;
/*!40101 SET SQL_MODE=IFNULL(@OLD_SQL_MODE, '') */;
/*!40014 SET FOREIGN_KEY_CHECKS=IFNULL(@OLD_FOREIGN_KEY_CHECKS, 1) */;
/*!40101 SET CHARACTER_SET_CLIENT=@OLD_CHARACTER_SET_CLIENT */;
/*!40111 SET SQL_NOTES=IFNULL(@OLD_SQL_NOTES, 1) */;
